Inspection_No,InspectionSpecification_No,Description,Ext_desc,Part,PartDescription,Manager,Status,Revision,InspectionSpecification_type,Class,Category,Department,Division,Work_Center,Vendor,Customer,InspectionRateType,InspectionRateQuantity,InspectionRateSampleInterval,InspectionRateSampleMin,InspectionRateSampleMax,InspectionRateMinutes,InspectionRateFixedType,InspectionRateAnsiLevel,InspectionRateAnsiType,InspectionRateAnsiSampling,InspectionRateAnsiAQL,InspectionRatePercentage,Notes,ScheduledDate,InspectionDate,CloseDate,Inspector,PO,POLine,SO,SOLine,Job,Shipment,InspectionHrs,InspectionCost,TotalQuantity,InspectionQuantity,Lot,Serial,CalculatedResult,Result,BaseInspection,SampleNumber,PartRevision,Operation,RejectedQuantity,LotSkip,CreateDate,CompletedPreviously,CompletedBy,QtyFailed,ErpSource,ErpSourceId,InspectionRateAsmeB18181Type,InspectionRateAsmeB18181Level,InspectionRateAstmF147012Level,InspectionRateAsmeB18182011Category,InspectionRateAsmeB18182011Level,CustomerName,VendorName,ExpiryDate,InspectionRateMilStd1916VerificationLevel,InspectionRateMilStd1916SamplingType,InspectionRateMilStd1916Stage
20010,10003,HEADSET TANAGER,,499-999-006-603,Headset Tanager Capped,JODOI,Complete,,Final,,,Inspection,Roanwell,QA2,,DLA,Fixed,15,,,,,Any,,,,,,,2023-07-07 00:00:00,2023-06-27 00:00:00,2023-07-12 00:00:00,BLUDWIG,,,,,,,50.0,2500.0,1700,15,Unknown,,Pass,Pass,20010,1,1,,43,False,2023-06-27 11:32:17,True,BLUDWIG,,,,,,,,,DLA LAND & MARITIME,,,,,
20013,10000,215-080-004-603 - Final Inspection,,215-080-004-603,"M169 Mic , Adaptor ,  SS bridge",JODOI,Complete,,Final,,,Quality,Roanwell,QA,,DLA,Fixed,15,,,,,Any,,,,,,,2023-07-06 00:00:00,2023-06-28 00:00:00,2023-07-12 00:00:00,BLUDWIG,SPE7MX20D5008,,BC2761,,,SPE7MX22F362S,20.0,1000.0,600,15,M23033,,Pass,Pass,20013,1,1,,0,False,2023-06-28 14:39:42.853000,True,BLUDWIG,,,,,,,,,DLA LAND & MARITIME,,,,,
20015,10004,539-040-041-105 Source Inspection ,,539-040-041-105,MICROPHONE BOOM ASSY,JODOI,Complete,,Source Inspection ,,,Quality,Roanwell,QA,,DLA,Fixed,15,,,,,Any,,,,,,,2023-07-19 00:00:00,2023-07-19 00:00:00,2023-07-19 00:00:00,BLUDWIG,SPE7M5-22-D-60QN,N/A,R23015,N/A,,SPE7M1-23-F-3895,6.0,300.0,98,15,7912,N/A,Pass,Pass,20015,1,A,INSPECTION,0,False,2023-07-19 08:07:47.120000,True,BLUDWIG,,,,,,,,,DLA LAND & MARITIME,,,,,
20016,10000,215-080-004-603 - Final Inspection,,215-080-004-603,"M169 Mic , Adaptor ,  SS bridge",JODOI,Complete,,Final,,,Quality,Roanwell,QA,,GENTEX,Fixed,15,,,,,Any,,,,,,,,2023-08-16 00:00:00,2023-09-13 00:00:00,QA2,PW55780 - 00,,R23039,,,,0.0,0.0,500,15,W23039,,Pass,Pass,20016,1,1,,0,False,2023-08-16 12:10:18.133000,True,BLUDWIG,,,,,,,,,Gentex,,,,,
20029,10011,"029-212-006 LUG, SOLDER PRE FINISH",,029-212-006-125,"Lug, Solder",VGUALLPA,Complete,,Incoming,,,Inspection,Roanwell,QA2,VALLEY,,ANSI Z1.4,1,,,,,,II,Normal,Single,1.0,,,,2023-09-15 00:00:00,2023-09-15 00:00:00,BLUDWIG,,,,,,,0.0,0.0,2000,125,unknown,,Pass,Pass,20029,1,,PRE FINISH,0,False,2023-09-15 11:54:16.740000,True,BLUDWIG,,,,,,,,,,"Valley Welding & Fabricating, Inc.",,,,
20030,10012,PCB with components for M-162/AIC,,651-393-001-000,PCB,BLUDWIG,Complete,,Incoming,,,Engineering,Roanwell,MICROOM,SCREAMING,,ANSI Z1.4,1,,,,,,I,Normal,Single,2.5,,"JANTONIK 11/01/2023 4:55 PM
First Unipoint inspection for this item.
See Attachments for SoundChcek results.",2023-11-02 00:00:00,2023-11-01 00:00:00,2023-11-01 00:00:00,JANTONIK,008732,1,,,,,1.0,50.0,250,20,8732,,Pass,Pass,20030,1,1,,0,False,2023-11-01 12:29:49.193000,True,JANTONIK,,,,,,,,,,Screaming Circuits,,,,
20059,10023,850-501-007-638 GASKET MAT ,,850-501-007-638,"Gasket Mat    1460N22   1/16 ""  12  x 12",BLUDWIG,Complete,,Incoming,,,Inspection,Roanwell,QA2,MCMASTER-CAR,,MIL-STD-1916,1,,,,,,,,,,,,,2023-12-04 00:00:00,2023-12-05 00:00:00,QA2,008991,1,,,,,0.0,0.0,5,5,8991,,Pass,Pass,20059,1,,,0,False,2023-12-04 09:27:47.353000,True,BLUDWIG,0,,,,,,,,,MCMASTER-CARR SUPPLY CO.,,II,Attribute,Normal
20060,10024,555-102-001-101 PIN AMPLIFIER,,555-102-001-101,Pin  -  Amplifier,BLUDWIG,Complete,,Incoming,,,Inspection,Roanwell,QA2,AEROSPACE CO,,MIL-STD-1916,1,,,,,,,,,,,,,2023-12-04 00:00:00,2023-12-05 00:00:00,QA2,008967,1,,,,,0.0,0.0,1835,32,8967,,Pass,Pass,20060,1,,,0,False,2023-12-04 10:26:51.533000,True,BLUDWIG,0,,,,,,,,,"Aerospace Contacts, LLC",,II,Attribute,Normal
20048,10017,507-219-001-603 H-250/U,,507-219-001-603,Handset    H-250,,Complete,,Final,,,Inspection,Roanwell,QA,,ZEITEC,Every Item,,,,,,,,,,,,,,2023-11-29 00:00:00,2023-12-04 00:00:00,QA2,ZTL-232690,,R23099,,,,0.0,0.0,50,50,W23099,,Undetermined,Pass,20048,1,0,,0,False,2023-11-29 15:13:46.030000,True,BLUDWIG,,,,,,,,,ZEIDO TECNOLOGIES LLC,,,,,
20055,BZ100030,MALLORY SONALERT BUZZER,,EBBZ100030,MALLORY BUZZER,VGUALLPA,Complete,,Incoming,,,Quality,EBC,,MOUSER ELE,,ANSI Z1.4,1,,,,,,I,Normal,Single,1.0,,,2023-11-10 00:00:00,2023-12-01 00:00:00,2023-12-04 00:00:00,VGUALLPA,8699,,,,,,0.0,0.0,250,13,8699_2318-3,,Pass,Pass,20055,1,0,,0,False,2023-12-01 15:18:58.067000,True,BLUDWIG,,,,,,,,,,MOUSER ELECTRONICS,,,,
20056,BZ100040,BB-12M BUZZER,,EBBZ100040,BUZZER MALLORY,VGUALLPA,Complete,,Incoming,,,Quality,EBC,,MOUSER ELE,,ANSI Z1.4,1,,,,,,I,Normal,Single,1.0,,,2023-11-10 00:00:00,2023-12-01 00:00:00,2023-12-01 00:00:00,VGUALLPA,8699,,,,,,0.0,0.0,250,13,8699_2214-2,,Pass,Pass,20056,1,A,,0,False,2023-12-01 16:35:04.250000,True,BLUDWIG,,,,,,,,,,MOUSER ELECTRONICS,,,,
20018,10000,215-080-004-603 - Final Inspection,,215-080-004-603,"M169 Mic , Adaptor ,  SS bridge",BLUDWIG,Complete,,Final,,,Quality,Roanwell,QA,,DLA,Fixed,15,,,,,Any,,,,,,,2023-08-29 00:00:00,2023-08-22 00:00:00,2023-09-13 00:00:00,JLEE,SPE7MX-20-D-5008,,BC2784,,,SPE7MX-22-F-521U,0.0,0.0,1400,15,M23282,,Pass,Pass,20018,1,1,Final ,0,False,2023-08-22 09:25:00.720000,True,BLUDWIG,,,,,,,,,DLA LAND & MARITIME,,,,,
20035,10014,BOM review ,,498-119-001-603,HEADSET  MK-1564,JODOI,Complete,,Doc Review,,,Administration,Roanwell,,,,Every Item,,,,,,,,,,,,,,2023-11-20 00:00:00,2023-11-28 00:00:00,JANTONIK,,,,,,,0.0,0.0,1,1,N/A,,Pass,Pass,20035,1,4,,0,False,2023-11-20 13:52:35.137000,True,BLUDWIG,,,,,,,,,,,,,,
20049,10019,Microphone 218-950-008-603 GW9389,,218-950-008-603,Microphone  Sub-Assy  GW9389,BLUDWIG,Complete,,Final,,,Inspection,Roanwell,QA2,,GENTEX,Every Item,,,,,,,,,,,,ALL PIECES ARE TESTED AND PASSED. ONLY 15 ARE RECORDED,2023-11-30 00:00:00,2023-11-30 00:00:00,2023-11-30 00:00:00,QA2,PW55494 - 00,4,R23131,,,1,8.0,400.0,150,15,M23566,,Pass,Pass,20049,1,A,FINAL INSPECTION ,0,False,2023-11-30 15:38:00.083000,True,BLUDWIG,,,,,,,,,Gentex,,,,,
20057,10000,215-080-004-603 - Final Inspection,,215-080-004-603,"M169 Mic , Adaptor ,  SS bridge",BLUDWIG,Complete,,Final,,,Quality,Roanwell,QA,,DLA,Fixed,15,,,,,Any,,,,,,"100% Inspection, only 15 recorded",2023-12-08 00:00:00,2023-12-04 00:00:00,2023-12-08 00:00:00,QA1,SPE7MX-20-D-5008,,R23024,,,SPE7MX-23-F-7937,40.0,2000.0,900,15,W23024,,Pass,Pass,20057,1,1,,0,False,2023-12-04 08:48:51.810000,True,BLUDWIG,,,,,,,,,DLA LAND & MARITIME,,,,,
20067,10019A,Microphone 218-950-008-603 GW9389,,218-950-008-603,Microphone  Sub-Assy  GW9389,JODOI,Complete,,Final,,,Inspection,Roanwell,QA,,GENTEX,Every Item,,,,,,,,,,,,ALL PIECES ARE TESTED AND PASSED. ONLY 15 ARE RECORDED,2023-12-01 00:00:00,2023-12-01 00:00:00,2023-12-01 00:00:00,BLUDWIG,PW55494 - 00,4,R23131,,,2,8.0,400.0,150,15,M23565 & M23566,,Pass,Pass,20067,1,A,FINAL INSPECTION,0,False,2023-12-05 13:17:34.823000,True,BLUDWIG,,,,,,,,,Gentex,,,,,
20071,10028,553-800-001-000 CONNECTOR U-77/U,,553-800-001-000,CONNECTOR U-77/U,BLUDWIG,Complete,,Incoming,,,Inspection,Roanwell,QA2,"MINIRONICS,L",,MIL-STD-1916,1,,,,,,,,,,,,,2023-12-06 00:00:00,2023-12-06 00:00:00,QA2,008884,1,,,,,0.0,0.0,150,12,8884,,Pass,Pass,20071,1,,,0,False,2023-12-06 10:45:04.443000,True,BLUDWIG,,,,,,,,,,"MINTRONICS, LTD.",,II,Attribute,Normal
20074,10019A,Microphone 218-950-008-603 GW9389,,218-950-008-603,Microphone  Sub-Assy  GW9389,BLUDWIG,Complete,,Final,,,Inspection,Roanwell,QA,,GENTEX,Fixed,15,,,,,Any,,,,,,ALL PIECES ARE TESTED AND PASSED. ONLY 15 ARE RECORDED,2023-12-05 00:00:00,2023-12-05 00:00:00,2023-12-05 00:00:00,QA2,PW55780-00,5,R23039,,,2,8.0,400.0,150,15,M23565,,Pass,Pass,20074,1,A,FINAL INSPECTION,0,False,2023-12-06 15:13:53.207000,True,BLUDWIG,,,,,,,,,Gentex,,,,,
20077,10019A,Microphone 218-950-008-603 GW9389,,218-950-008-603,Microphone  Sub-Assy  GW9389,BLUDWIG,Complete,,Final,,,Inspection,Roanwell,QA,,GENTEX,Fixed,15,,,,,Any,,,,,,"ALL PIECES ARE TESTED AND PASSED. ONLY 15 ARE RECORDED
Second line test comment for CoC.",2023-12-04 00:00:00,2023-12-04 00:00:00,2023-12-04 00:00:00,QA2,PW55780-00,,R23039,,,1,8.0,400.0,22,15,M23565,,Pass,Pass,20077,1,A,FINAL INSPECTION,0,False,2023-12-07 09:10:18.047000,True,BLUDWIG,,,,,,,,,Gentex,,,,,
20090,10039,029-211-008-106 YOKE,,029-211-008-106,Yoke,BLUDWIG,Complete,,Incoming,,,Inspection,Roanwell,QA2,VALLEY,,MIL-STD-1916,1,,,,,,,,,,,,,2023-12-08 00:00:00,2023-12-11 00:00:00,QA2,008735,1,,,,,0.0,0.0,1000,24,8735,,Pass,Pass,20090,1,,,0,False,2023-12-08 10:31:19.900000,True,BLUDWIG,1,,,,,,,,,"Valley Welding & Fabricating, Inc.",,II,Attribute,Normal
20079,10019A,Microphone 218-950-008-603 GW9389,,218-950-008-603,Microphone  Sub-Assy  GW9389,BLUDWIG,Complete,,Final,,,Inspection,Roanwell,QA,,GENTEX,Fixed,15,,,,,Any,,,,,,ALL PIECES ARE TESTED AND PASSED. ONLY 15 ARE RECORDED,2023-12-06 00:00:00,2023-12-06 00:00:00,2023-12-06 00:00:00,QA2,PW55780-00,4 AND 5 ,R23039,,,3,8.0,400.0,150,15,M23560 & M23565,,Pass,Pass,20079,1,A,FINAL INSPECTION ,0,False,2023-12-07 10:05:40.927000,True,BLUDWIG,,,,,,,,,Gentex,,,,,
20104,10056,495-419-006-XXXHEADSET- MIC ,,495-419-006-694,"HEADSET - MIC, GRAY",JODOI,Complete,,Final,,,Inspection,Roanwell,QA,,DLA,Fixed,15,,,,,Any,,,,,,,2023-12-12 00:00:00,2023-12-12 00:00:00,2023-12-12 00:00:00,QA1,SPE7MC-23-V-7469,,R23146,,,,5.0,250.0,26,15,W23146,,Pass,Pass,20104,1,(0),FINAL INSPECTION ,0,False,2023-12-12 14:42:46.880000,True,BLUDWIG,,,,,,,,,DLA LAND & MARITIME,,,,,
20036,10014,BOM review ,,499-999-006-603,Headset Tanager Capped,JODOI,Pending,,Doc Review,,,Administration,Roanwell,,,,Every Item,,,,,,,,,,,,"JANTONIK 11/20/2023 3:07 PM
MIsys BOM 2D was created.",,2023-11-20 00:00:00,,JANTONIK,,,,,,,2.0,100.0,1,1,N/A,,Undetermined,Undetermined,20036,1,1,,1,False,2023-11-20 15:07:03.183000,False,,,,,,,,,,,,,,,
20037,10015,SWITCH TOGGLE DPDT ON-OFF-MOM,,EBSW000055,SWITCH TOGGLE DPDT ON-OFF-MOM,VGUALLPA,Complete,,Incoming,,,Inspection,EBC,,MOUSERELECTR,,ANSI Z1.4,1,,,,,,II,Normal,Single,1.0,,MFG LOT# 072721,2023-12-15 00:00:00,2023-11-27 00:00:00,2023-12-04 00:00:00,VGUALLPA,8702,2,,,,,0.0,0.0,250,15,8702_072721,,Pass,Pass,20037,1,0,,0,False,2023-11-27 17:43:56.743000,True,BLUDWIG,,,,,,,,,,MOUSER ELECTRONICS,,,,
20072,10025,551-103-001-101 PIN M169,,551-130-001-101,Pin  M169,BLUDWIG,Complete,,Incoming,,,Inspection,Roanwell,QA2,AEROSPACE CO,,MIL-STD-1916,1,,,,,,,,,,,,,2023-12-06 00:00:00,2023-12-06 00:00:00,QA2,008893,1,,,,,0.0,0.0,2000,32,8893,,Pass,Pass,20072,1,,,0,False,2023-12-06 11:36:08.823000,True,BLUDWIG,,,,,,,,,,"Aerospace Contacts, LLC",,II,Attribute,Normal
20064,10017,507-219-001-603 H-250/U,,507-219-001-603,Handset    H-250,JODOI,Complete,,Final,,,Inspection,Roanwell,QA,,,Every Item,,,,,,,,,,,,Test record,,2023-12-04 00:00:00,2023-12-04 00:00:00,JANTONIK,,,,,,,0.0,0.0,2,2,,,Pass,Pass,20064,1,0,,0,False,2023-12-04 22:20:04.953000,True,JANTONIK,,,,,,,,,,,,,,
20068,10019A,Microphone 218-950-008-603 GW9389,,218-950-008-603,Microphone  Sub-Assy  GW9389,JODOI,Complete,,Final,,,Inspection,Roanwell,QA2,,GENTEX,Fixed,15,,,,,Any,,,,,,ALL PIECES ARE TESTED AND PASSED. ONLY 15 ARE RECORDED,2023-12-05 00:00:00,2023-12-04 00:00:00,2023-12-04 00:00:00,BLUDWIG,PW55494 - 00,4,R23131,,,3,8.0,400.0,118,15,M23565 ,,Pass,Pass,20068,1,A,FINAL INSPECTION,0,False,2023-12-05 13:34:45.843000,True,BLUDWIG,,,,,,,,,Gentex,,,,,
20073,CATALYST9,CATALYST 9 AMBER,,,,VGUALLPA,Active,,Incoming,,CHEMICAL,Quality,EBC,,PRO-PAC,,Every Item,,,,,,,,,,,,,,2023-12-06 00:00:00,,VGUALLPA,8271,,,,,,0.0,0.0,4,4,8271_OX3L001091,,Pass,Pass,20073,1,0,,0,False,2023-12-06 15:03:49.353000,False,,,,,,,,,,,PRO-PAC Corp,2025-04-30 00:00:00,,,
20075,STYCAST265,STAYCAST 2651 BK,,,,VGUALLPA,Active,,Incoming,,CHEMICAL,Quality,EBC,,PRO-PAC,,Every Item,,,,,,,,,,,,,,2023-12-06 00:00:00,2023-12-06 00:00:00,VGUALLPA,8271,,,,,,0.0,0.0,2,2,8271_OX3K003569,,Pass,Pass,20075,1,0,,0,False,2023-12-06 15:46:52.613000,False,,,,,,,,,,,PRO-PAC Corp,2025-04-10 00:00:00,,,
20076,10030,550-211-006-125 TERMINAL,,550-211-006-125,Terminal,BLUDWIG,Complete,,Incoming,,,Inspection,Roanwell,QA2,NEWARK,,MIL-STD-1916,1,,,,,,,,,,,,,2023-12-07 00:00:00,2023-12-07 00:00:00,QA2,008996,1,,,,,0.0,0.0,10000,32,8996,,Pass,Pass,20076,1,,,0,False,2023-12-07 06:34:52.633000,True,BLUDWIG,0,,,,,,,,,Newark Electronics,,II,Attribute,Normal
20081,10037,970-719-001-100 ELASTIC STOP NUT #8-32,,970-719-001-100,ELASTIC STOP NUT # 8-32 ST.ST.,BLUDWIG,Complete,,Incoming,,,Inspection,Roanwell,QA2,EMPIREFASTEN,,MIL-STD-1916,1,,,,,,,,,,,,,2023-12-07 00:00:00,2023-12-08 00:00:00,QA2,008971,1,,,,,1.0,50.0,1000,24,8971,,Pass,Pass,20081,1,,,0,False,2023-12-07 11:07:49.483000,True,BLUDWIG,,,,,,,,,,EMPIRE FASTENERS INC.,,II,Attribute,Normal
20086,10016,EARPHONE 26UA03/1,,048-400-002-000,EARPHONE 26UA03/1,BLUDWIG,Complete,,Incoming,,,Quality,Roanwell,,SONION,,ANSI Z1.4,1,,,,,,II,Normal,Single,1.0,,,,2023-12-07 00:00:00,2023-12-08 00:00:00,QA2,008938,1,,,,,1.5,75.0,100,13,8938,,Pass,Pass,20086,1,2,,0,False,2023-12-07 13:53:27.150000,True,BLUDWIG,0,,,,,,,,,SONION,,,,
20087,10019A,Microphone 218-950-008-603 GW9389,,218-950-008-603,Microphone  Sub-Assy  GW9389,BLUDWIG,Complete,,Final,,,,Roanwell,QA,,GENTEX,Fixed,15,,,,,Any,,,,,,ALL PIECES ARE TESTED AND PASSED. ONLY 15 ARE RECORDED,2023-12-07 00:00:00,2023-12-07 00:00:00,2023-12-11 00:00:00,QA2,PW55780-00,4,R23039,,,,8.0,400.0,228,15,M23560,,Pass,Pass,20087,1,A,FINAL INSPECTION,0,False,2023-12-07 14:53:32.960000,True,BLUDWIG,,,,,,,,,Gentex,,,,,
20080,10041,539-011-011-603 CVER HEADBAND ASSY,,539-011-011-603,"COVER, HEADPAD ASS'Y",BLUDWIG,Complete,,Incoming,,,Inspection,Roanwell,QA2,,,MIL-STD-1916,1,,,,,,,,,,,,,2023-12-07 00:00:00,2023-12-08 00:00:00,QA2,,,,,,,1.0,50.0,150,12,,,Pass,Pass,20080,1,,,0,False,2023-12-07 10:21:25.757000,True,BLUDWIG,,,,,,,,,,,,II,Attribute,Normal
20274,10185,891-019-002-000 Thread Locker Loctite ,,891-019-002-000,Thread Locker  Loctite 425    0.7 oz bottle,BLUDWIG,Complete,,Incoming,,,Inspection,Roanwell,QA2,R.S. HUGHES,,MIL-STD-1916,1,,,,,,,,,,,,,2024-01-19 00:00:00,2024-01-19 00:00:00,QA2,009074,1,,,,,0.0,0.0,5,5,9074,,Pass,Pass,20274,1,,INCOMING,0,False,2024-01-19 10:45:46.907000,True,BLUDWIG,,,,,,,,,,R.S.Hughes,,II,Attribute,Normal
20100,10045,494-413-001-000 HEADSET,,494-413-001-000,HEADSET,JODOI,Complete,,Final,,,Inspection,Roanwell,QA,,DLA,Fixed,15,,,,,Any,,,,,,ALL UNITS HAVE BEEN TESTED,2023-12-12 00:00:00,2023-12-12 00:00:00,2023-12-12 00:00:00,QA1,SPE7M0-23-V-5426,,R23162,,,,16.0,800.0,39,15,W23162,,Pass,Pass,20100,1,(8),FINAL INSPECTION ,0,False,2023-12-12 11:25:10.313000,True,BLUDWIG,,,,,,,,,DLA LAND & MARITIME,,,,,
20105,10065,"218-004-030-661 GUARD, COVER",,218-004-030-661,"GUARD, COVER",BLUDWIG,Complete,,In Process,,,Inspection,Roanwell,QA2,,,MIL-STD-1916,1,,,,,,,,,,,,,2023-12-14 00:00:00,2023-12-15 00:00:00,QA2,,,,,,,0.0,0.0,590,20,,,Pass,Pass,20105,1,3,,0,False,2023-12-14 10:12:39.020000,True,BLUDWIG,0,,,,,,,,,,,II,Attribute,Normal
20106,10064,"871-803-002-604 HOLDER, CORD",,871-803-002-604,"HOLDER, CORD",BLUDWIG,Complete,,In Process,,,Inspection,Roanwell,QA2,,,MIL-STD-1916,1,,,,,,,,,,,,,2023-12-14 00:00:00,2023-12-15 00:00:00,QA2,,,,,,,0.0,0.0,5100,32,M23304,,Pass,Pass,20106,1,2D,,0,False,2023-12-14 10:53:20.880000,True,BLUDWIG,0,,,,,,,,,,,II,Attribute,Normal
20112,10067,SD-15071 H-250 BREATHER WASHER .187 OD,,SD-15071,H-250 BREATHER WASHER .187 OD,BLUDWIG,Complete,,Incoming,,,Inspection,Roanwell,QA2,FASTENERS,,MIL-STD-1916,1,,,,,,,,,,,,,2023-12-15 00:00:00,2023-12-15 00:00:00,QA2,008898,1,,,,,0.0,0.0,2500,32,8898,,Pass,Pass,20112,1,,,0,False,2023-12-15 09:18:38.837000,True,BLUDWIG,,,,,,,,,,Fasteners & Metal Products Corp.,,II,Attribute,Normal
20116,10080,515-319-001-603 HAND HELD MIC ,,515-319-001-603,HAND HELD MIC ,JODOI,Complete,,Final,,,Inspection,Roanwell,QA,,DLA,Fixed,15,,,,,Any,,,,,,,2023-12-27 00:00:00,2023-12-15 00:00:00,2023-12-15 00:00:00,QA1,SPE7MX-20-D-0019,,R23153,,,SPE7MX-23-F-254C,8.0,400.0,100,15,W23153,,Pass,Pass,20116,1,2,FINAL INSPECTION ,0,False,2023-12-15 14:23:28.143000,True,BLUDWIG,,,,,,,,,DLA LAND & MARITIME,,,,,
20117,10062,"533-030-001-694 PAD,EARPHONE SHELL",,533-030-001-694,"PAD,EARPHONE SHELL",BLUDWIG,Complete,,In Process,,,Inspection,Roanwell,QA2,,,MIL-STD-1916,1,,,,,,,,,,,,,2023-12-18 00:00:00,2023-12-22 00:00:00,QA2,M23531,,,,,,0.0,0.0,177,12,M23531,,Pass,Pass,20117,1,21,,0,False,2023-12-18 06:32:20.057000,True,BLUDWIG,0,,,,,,,,,,,II,Attribute,Normal
20118,10066,"539-994-007-604 STOPPER,EARCUP",,539-994-007-604,"STOPPER,EARCUP",BLUDWIG,Complete,,In Process,,,Inspection,Roanwell,QA2,,,MIL-STD-1916,1,,,,,,,,,,,,,2023-12-18 00:00:00,2023-12-22 00:00:00,QA2,M23312,,,,,,0.0,0.0,1175,24,M23312,,Pass,Pass,20118,1,3,,0,False,2023-12-18 13:04:50.300000,True,BLUDWIG,0,,,,,,,,,,,II,Attribute,Normal
20121,10078,"870-600-003-115 RING,RETAINING",,870-600-003-115,"RING,RETAINING,EXTERNAL E""                      ",BLUDWIG,Complete,,Incoming,,,Inspection,Roanwell,QA2,D.B. ROB,,MIL-STD-1916,1,,,,,,,,,,,,,2023-12-19 00:00:00,2023-12-22 00:00:00,QA2,8959,,,,,,0.0,0.0,5000,32,8959,,Pass,Pass,20121,1,,,0,False,2023-12-19 07:21:04.897000,True,BLUDWIG,,,,,,,,,,D.B. ROBERTS COMPANY,,II,Attribute,Normal
20123,10079,589-100-001 WIRE #28 AWG,,589-100-001,WIRE #28 AWG,BLUDWIG,Complete,,Incoming,,,Inspection,Roanwell,QA2,AWC,,MIL-STD-1916,1,,,,,,,,,,,,,2023-12-19 00:00:00,2023-12-22 00:00:00,QA2,008992,1,,,,,0.0,0.0,10000,32,8992,,Pass,Pass,20123,1,,,0,False,2023-12-19 08:02:49.467000,True,BLUDWIG,,,,,,,,,,Allied Wire & Cable,,II,Attribute,Normal
20084,10044,"910-813-001-101 SCREW, MACH #8,",,910-813-001-101,"SCREW, MACH #8, BINDING 3/8"", NICKEL PLT",BLUDWIG,Complete,,Incoming,,,Inspection,Roanwell,QA2,EMPIREFASTEN,,MIL-STD-1916,1,,,,,,,,,,,,,2023-12-07 00:00:00,2023-12-08 00:00:00,QA2,008971,2,,,,,1.0,50.0,1000,24,8971,,Pass,Pass,20084,1,,,0,False,2023-12-07 11:53:37.650000,True,BLUDWIG,,,,,,,,,,EMPIRE FASTENERS INC.,,II,Attribute,Normal
20091,10043,554-400-007-603 PLUG U-174/U ,,554-400-007-603,PLUG U-174/U (USAF # 62C21700-D),BLUDWIG,Complete,,Incoming,,,Inspection,Roanwell,QA2,AMPHENOLNEXU,,MIL-STD-1916,1,,,,,,,,,,,,,2023-12-11 00:00:00,2023-12-11 00:00:00,QA2,008806,2,,,,,0.0,0.0,325,16,8806,,Pass,Pass,20091,1,,,0,False,2023-12-11 07:21:03.940000,True,BLUDWIG,,,,,,,,,,AMPHENOL NEXUS TECH,,II,Attribute,Normal
20097,10019A,Microphone 218-950-008-603 GW9389,,218-950-008-603,Microphone  Sub-Assy  GW9389,BLUDWIG,Complete,,Final,,,Inspection,Roanwell,QA,,GENTEX,Fixed,15,,,,,Any,,,,,,ALL PIECES ARE TESTED AND PASSED. ONLY 15 ARE RECORDED,2023-12-11 00:00:00,2023-12-11 00:00:00,2023-12-11 00:00:00,QA2,PW55494-00,3,R23131,,,1,8.0,400.0,72,15,M23560,,Pass,Pass,20097,1,A,FINAL INSPECTION,0,False,2023-12-11 14:42:46.133000,True,BLUDWIG,,,,,,,,,Gentex,,,,,
20102,10045,494-413-001-000 HEADSET,,494-413-001-000,HEADSET,JODOI,Complete,,Final,,,Inspection,Roanwell,QA,,DLA,Fixed,15,,,,,Any,,,,,,ALL UNITS HAVE BEEN TESTED,2023-12-12 00:00:00,2023-12-12 00:00:00,2023-12-12 00:00:00,QA1,SPE7M5-23-D-60RM,,R23159,,,SPE7M1-23-F-6627,16.0,800.0,47,15,W23159,,Pass,Pass,20102,1,(8),FINAL INSPECTION ,0,False,2023-12-12 12:37:07.520000,True,BLUDWIG,,,,,,,,,DLA LAND & MARITIME,,,,,
20103,10019A,Microphone 218-950-008-603 GW9389,,218-950-008-603,Microphone  Sub-Assy  GW9389,BLUDWIG,Active,,Final,,,Inspection,Roanwell,QA2,,GENTEX,Fixed,15,,,,,Any,,,,,,ALL PIECES ARE TESTED AND PASSED ONLY 15 ARE RECORDED,2023-12-12 00:00:00,2023-12-12 00:00:00,2023-12-12 00:00:00,QA2,PW55494-00,3,R23131,,,2,8.0,400.0,655,655,M23560 & M23564,,Pass,Pass,20103,1,A,FINAL INSPECTION ,0,False,2023-12-12 12:53:28.967000,True,,,,,,,,,,Gentex,,,,,
20107,SC000330,FEMALE SCREW LOCK KIT,,EBSC000330,,VGUALLPA,Active,,Incoming,,,,EBC,,MOUSER ELE,,Every Item,,,,,,,,,,,,,,2023-12-14 00:00:00,,VGUALLPA,,,,,,,0.0,0.0,,,,,,,20107,1,,,,False,2023-12-14 13:25:31.333000,False,,,,,,,,,,,MOUSER ELECTRONICS,,,,
20108,SC000330,FEMALE SCREW LOCK KIT,,EBSC000330,FEMALE SCREW LOCK KIT,VGUALLPA,Complete,,Incoming,,,,EBC,,MOUSER ELE,,Every Item,,,,,,,,,,,,,2023-12-15 00:00:00,2023-12-14 00:00:00,2023-12-14 00:00:00,VGUALLPA,9012,,,,,,0.0,0.0,100,10,9012_21392,,Pass,Pass,20108,1,0,,0,False,2023-12-14 13:25:58.947000,True,VGUALLPA,0,,,,,,,,,MOUSER ELECTRONICS,,,,
20113,10076,214-000-001-000 5 ohms Receiver ,,214-000-001-000,5 ohms Receiver   MS23R37-5T05,BLUDWIG,Complete,,Incoming,,,Inspection,Roanwell,QA2,FHD,,MIL-STD-1916,1,,,,,,,,,,,,,2023-12-15 00:00:00,2023-12-15 00:00:00,QA2,008891,1,,,,,0.0,0.0,4000,32,8891,,Pass,Pass,20113,1,,,0,False,2023-12-15 10:39:58.430000,True,BLUDWIG,,,,,,,,,,FHD Electronics Corp,,II,Attribute,Normal
20124,10086,891-100-002-000 PLIOBOND CEMENT #35,,891-100-002-000,PLIOBOND CEMENT #35,BLUDWIG,Complete,,Incoming,,,Inspection,Roanwell,QA2,MCMASTER-CAR,,MIL-STD-1916,1,,,,,,,,,,,,,2023-12-19 00:00:00,2023-12-22 00:00:00,QA2,009017,1,,,,,0.0,0.0,30,12,9017,,Pass,Pass,20124,1,,,0,False,2023-12-19 08:26:31.660000,True,BLUDWIG,,,,,,,,,,MCMASTER-CARR SUPPLY CO.,,II,Attribute,Normal
20126,10081,029-002-001-100 Insert,,029-002-001-100,Insert,BLUDWIG,Complete,,Incoming,,,Inspection,Roanwell,QA2,MICROMATICS,,MIL-STD-1916,1,,,,,,,,,,,,,2023-12-19 00:00:00,2023-12-22 00:00:00,QA2,008675,1,,,,,0.0,0.0,2250,32,8675,,Pass,Pass,20126,1,,,0,False,2023-12-19 09:11:57.120000,True,BLUDWIG,,,,,,,,,,"Micromatics Machine Co., Inc.",,II,Attribute,Normal
20240,FOAM-0816,URTHANE FOAM 0816,,,,VGUALLPA,Active,,Incoming,,CHEMICAL,Quality,EBC,,,,Every Item,,,,,,,,,,,,SUPPLIER: US COMPOSITES,2024-01-15 00:00:00,2024-01-15 00:00:00,,VGUALLPA,432779,,,,,,0.0,0.0,3,3,432779,,,,20240,1,0,,3,False,2024-01-15 12:39:17.537000,False,,,,,,,,,,,,,,,
20088,LA700050,GS-52 ID LABEL,,EBLA700050,,VGUALLPA,Active,,Incoming,,LABELS,Inspection,EBC,,PACKAGING,,Every Item,,,,,,,,,,,,,2023-12-11 00:00:00,2023-12-07 00:00:00,,VGUALLPA,8711,1,,,,,0.0,0.0,2000,5,8711,,,,20088,1,0,,2000,False,2023-12-07 16:46:33.123000,False,,,,,,,,,,,PACKAGING PIONEERS,,,,
20119,10072,218-121-008 Guard ,,218-121-008,Guard,BLUDWIG,Complete,,Incoming,,,Inspection,Roanwell,QA2,TRU-TONEMETA,,MIL-STD-1916,1,,,,,,,,,,,,,2023-12-18 00:00:00,2023-12-22 00:00:00,QA2,009006,1,,,,,0.0,0.0,6500,32,9006,,Pass,Pass,20119,1,,,0,False,2023-12-18 14:08:57.380000,True,BLUDWIG,,,,,,,,,,"TRU-TONE METAL PRODUCTS, INC.",,II,Attribute,Normal
20120,10073,17631 CORD,,17631,CORD,BLUDWIG,Complete,,Incoming,,,Inspection,Roanwell,QA2,INTERNATIONA,,MIL-STD-1916,1,,,,,,,,,,,,,2023-12-19 00:00:00,2023-12-22 00:00:00,QA2,008973,1,,,,,0.0,0.0,50,12,8973,,Pass,Pass,20120,1,,,0,False,2023-12-19 06:58:27.427000,True,BLUDWIG,,,,,,,,,,INTERNATIONAL WIRE GROUP,,II,Attribute,Normal
20128,10082,904-004-209-603 HEX SOCKET SET SCREW,,904-004-209-603,"HEX SOCKET SET SCREW #4-40 x 1/4"" LONG",BLUDWIG,Complete,,Incoming,,,Inspection,Roanwell,QA2,EMPIREFASTEN,,MIL-STD-1916,1,,,,,,,,,,,,,2023-12-19 00:00:00,2023-12-22 00:00:00,QA2,008958,1,,,,,0.0,0.0,1000,24,8958,,Pass,Pass,20128,1,,,0,False,2023-12-19 10:28:01.013000,True,BLUDWIG,,,,,,,,,,EMPIRE FASTENERS INC.,,II,Attribute,Normal
20129,10084,561-359-002-000 SWITCH SPDT #SS-5GLT,,561-359-002-000,SWITCH SPDT #SS-5GLT,BLUDWIG,Complete,,Incoming,,,Inspection,Roanwell,QA2,TTI,,MIL-STD-1916,1,,,,,,,,,,,,,2023-12-19 00:00:00,2023-12-22 00:00:00,QA2,,,,,,,0.0,0.0,700,20,,,Pass,Pass,20129,1,,,0,False,2023-12-19 11:08:54.473000,True,BLUDWIG,,,,,,,,,,"TTI, Inc.",,II,Attribute,Normal
20130,10070,"752-212-001 GROMMET 3/8"" DIA 1/8"" HOLE",,752-212-001-603,"GROMMET 3/8"" DIA 1/8"" HOLE-BLK",BLUDWIG,Complete,,In Process,,,Inspection,Roanwell,QA2,,,MIL-STD-1916,1,,,,,,,,,,,,,2023-12-19 00:00:00,2023-12-22 00:00:00,QA2,M23293,,,,,,0.0,0.0,1200,24,M23293,,Pass,Pass,20130,1,4D,,0,False,2023-12-19 11:37:08.057000,True,BLUDWIG,,,,,,,,,,,,II,Attribute,Normal
20131,10077,554-210-00(2 &6)-603 CONNECTOR U-172/U,,554-210-00(2&6)-603,CONNECTOR U-172/U,BLUDWIG,Complete,,Incoming,,,Inspection,Roanwell,QA2,AMPHENOLNEXU,,MIL-STD-1916,1,,,,,,,,,,,,,2023-12-19 00:00:00,2023-12-22 00:00:00,QA2,008806,1,,,,,0.0,0.0,1250,24,8806,,Pass,Pass,20131,1,,,0,False,2023-12-19 12:49:24.307000,True,BLUDWIG,,,,,,,,,,AMPHENOL NEXUS TECH,,II,Attribute,Normal
20132,10088,M85049/52-1-10W Clamp,,M85049/52-1-10W,Clamp  M85049/52-1-10W,BLUDWIG,Complete,,Incoming,,,Inspection,Roanwell,QA2,HEILIND,,MIL-STD-1916,1,,,,,,,,,,,,,2023-12-19 00:00:00,2023-12-22 00:00:00,QA2,008969,1,,,,,0.0,0.0,53,12,8969,,Pass,Pass,20132,1,,,0,False,2023-12-19 13:22:38.563000,True,BLUDWIG,,,,,,,,,,Heilind Electrtonics Inc.,,II,Attribute,Normal
20133,10089,MS3476W10-6P Connector  ,,MS3476W10-6P, Connector  MS3476W10-6P,BLUDWIG,Complete,,Incoming,,,Inspection,Roanwell,QA2,HEILIND,,MIL-STD-1916,1,,,,,,,,,,,,,2023-12-19 00:00:00,2023-12-22 00:00:00,QA2,008969,2,,,,,0.0,0.0,53,12,8969,,Pass,Pass,20133,1,,,0,False,2023-12-19 13:40:53.870000,True,BLUDWIG,,,,,,,,,,Heilind Electrtonics Inc.,,II,Attribute,Normal
20135,10069,553-800-006 CONNECTOR U-78/U,,553-800-006,CONNECTOR U-78/U,BLUDWIG,Complete,,Incoming,,,Inspection,Roanwell,QA2,"MINIRONICS,L",,MIL-STD-1916,1,,,,,,,,,,,,,2023-12-20 00:00:00,2023-12-22 00:00:00,QA2,008975,1,,,,,0.0,0.0,12,12,8975,,Pass,Pass,20135,1,,,0,False,2023-12-20 06:49:49.870000,True,BLUDWIG,,,,,,,,,,"MINTRONICS, LTD.",,II,Attribute,Normal
20136,10059,850-301-001-600 VINYL FILM .030 ,,850-301-001-600,"VINYL FILM .030 THK 23.5"" x 53.5"" CLR",BLUDWIG,Complete,,In Process,,,Inspection,Roanwell,QA2,,,MIL-STD-1916,1,,,,,,,,,,,,,2023-12-20 00:00:00,2023-12-22 00:00:00,QA2,,,,,,,0.0,0.0,1,1,,,Pass,Pass,20136,1,,,0,False,2023-12-20 07:13:19.710000,True,BLUDWIG,,,,,,,,,,,,II,Attribute,Normal
20092,10031,551-210-002-000 SBM RIGHT ANGLE,,551-210-002-000,SMB right angled- ,BLUDWIG,Complete,,Incoming,,,Inspection,Roanwell,QA2,TTI,,MIL-STD-1916,1,,,,,,,,,,,,,2023-12-11 00:00:00,2023-12-11 00:00:00,QA2,008939,2,,,,,0.0,0.0,1650,32,8939,,Pass,Pass,20092,1,,,0,False,2023-12-11 07:45:43.863000,True,BLUDWIG,,,,,,,,,,"TTI, Inc.",,II,Attribute,Normal
20110,10061,"539-924-007-000 EARCUP,MACHINED - LEFT",,539-924-007-000,"EARCUP,MACHINED - LEFT",BLUDWIG,Complete,,In Process,,,Inspection,Roanwell,QA2,,,MIL-STD-1916,1,,,,,,,,,,,,,2023-12-15 00:00:00,2023-12-15 00:00:00,QA2,M23526,,,,,,0.0,0.0,334,14,M23526,,Pass,Pass,20110,1,6,,0,False,2023-12-15 06:24:39.787000,True,BLUDWIG,0,,,,,,,,,,,II,Attribute,Normal
20111,10071,"939-808-009-604 WASHER,GUIDE .937 DIA ",,939-808-009-604,"WASHER,GUIDE .937 DIA ABS",BLUDWIG,Complete,,In Process,,,Inspection,Roanwell,QA2,,,MIL-STD-1916,1,,,,,,,,,,,,,2023-12-15 00:00:00,2023-12-15 00:00:00,QA2,M23052,,,,,,0.0,0.0,1384,24,M23052,,Pass,Pass,20111,1,3D,,0,False,2023-12-15 08:28:57.753000,True,BLUDWIG,0,,,,,,,,,,,II,Attribute,Normal
20137,10091,850-504-004-638 SILICONE RUBBER,,850-504-004-638,SILICONE RUBBER- RTV560/DBT 012-PAIL KIT,BLUDWIG,Complete,,Incoming,,,Inspection,Roanwell,QA2,,,MIL-STD-1916,1,,,,,,,,,,,,,2023-12-20 00:00:00,2023-12-22 00:00:00,QA2,008986,1,,,,,0.0,0.0,48,12,8986,,Pass,Pass,20137,1,,,0,False,2023-12-20 07:31:27.307000,True,BLUDWIG,,,,,,,,,,,,II,Attribute,Normal
20138,10085,"891-102-001-603 INSULCAST 333,EPOXY ",,891-102-001-603,"INSULCAST 333,EPOXY CASTING COMPOUND",BLUDWIG,Complete,,Incoming,,,Inspection,Roanwell,QA2,ICAINC.,,MIL-STD-1916,1,,,,,,,,,,,,,2023-12-20 00:00:00,2023-12-22 00:00:00,QA2,008989,1,,,,,0.0,0.0,1,1,8989,,Pass,Pass,20138,1,,,0,False,2023-12-20 07:58:17.720000,True,BLUDWIG,,,,,,,,,,ICA INC.,,II,Attribute,Normal
20140,10080,515-319-001-603 HAND HELD MIC ,,515-319-001-603,HAND HELD MIC ,JODOI,Complete,,Final,,,Inspection,Roanwell,QA,,DLA,Fixed,15,,,,,Any,,,,,,,2024-02-05 00:00:00,2023-12-20 00:00:00,2023-12-20 00:00:00,QA1,SPE7MX-20-D-0019,,R23163,,,SPE7MX-23-F-351A,0.0,0.0,67,15,W23163,,Pass,Pass,20140,1,2,FINAL INSPECTION ,0,False,2023-12-20 08:53:43.100000,True,BLUDWIG,,,,,,,,,DLA LAND & MARITIME,,,,,
20141,10074,582-609-002-603 CORD ELECTRICAL,,582-609-002-603,CORD ELECTRICAL,BLUDWIG,Complete,,Incoming,,,Inspection,Roanwell,QA2,INTERNATIONA,,MIL-STD-1916,1,,,,,,,,,,,,,2023-12-20 00:00:00,2023-12-22 00:00:00,QA2,008847,1,,,,,0.0,0.0,648,20,8847,,Pass,Pass,20141,1,,,0,False,2023-12-20 09:25:18.997000,True,BLUDWIG,,,,,,,,,,INTERNATIONAL WIRE GROUP,,II,Attribute,Normal
20143,10060,"539-924-008-000 EARCUP,MACHINED - RIGHT",,539-924-008-000,"EARCUP,MACHINED - RIGHT",BLUDWIG,Complete,,In Process,,,Inspection,Roanwell,QA2,,,MIL-STD-1916,1,,,,,,,,,,,,,2023-12-20 00:00:00,2023-12-22 00:00:00,QA2,M23527,,,,,,0.0,0.0,334,16,M23527,,Pass,Pass,20143,1,3,,0,False,2023-12-20 10:27:39.573000,True,BLUDWIG,,,,,,,,,,,,II,Attribute,Normal
20146,10087,SK-7967 HANDSET,,SK-7967,HANDSET,JODOI,Complete,,Final,,,Inspection,Roanwell,QA,,MAVENG,Fixed,15,,,,,Any,,,,,,NSN: 5965-01-521-9946,2024-02-28 00:00:00,2023-12-22 00:00:00,2023-12-22 00:00:00,QA1,044742,,R23222,,,,1.0,50.0,2,2,W23222,,Pass,Pass,20146,1,(6),FINAL INSPECTION,0,False,2023-12-22 08:50:41.143000,True,BLUDWIG,,,,,,,,,MAVEN ENGINEERING CORPORATION ,,,,,
20148,10092,911-020-002-115 Torx plus thread forming,,911-020-002-115,Torx plus thread forming Screw,BLUDWIG,Complete,,Incoming,,,Inspection,Roanwell,QA2,MCMASTER-C,,MIL-STD-1916,1,,,,,,,,,,,,,2024-01-03 00:00:00,2024-01-04 00:00:00,QA2,8968,,,,,,0.0,0.0,1000,24,8968,,Pass,Pass,20148,1,,,0,False,2024-01-03 06:39:13.357000,True,BLUDWIG,,,,,,,,,,MCMASTER-CARR,,II,Attribute,Normal
20093,10027,020-430-001-000 EARPHON 300 OHM,,020-430-001-000,EARPHONE ASS'Y 300 OHM,BLUDWIG,Complete,,Incoming,,,Inspection,Roanwell,QA2,SILLACOM,,MIL-STD-1916,1,,,,,,,,,,,,,2023-12-11 00:00:00,2023-12-11 00:00:00,QA2,008954,1,,,,,0.0,0.0,200,12,8954,,Pass,Pass,20093,1,,,0,False,2023-12-11 10:08:02.713000,True,BLUDWIG,,,,,,,,,,SILLACOM  LLC,,II,Attribute,Normal
20098,10055,502-219-010 TEMPEST,,502-219-010-653," HANDSET,TEMPEST,LEMO 8 POS,RED",JODOI,Complete,,Final,,,Inspection,Roanwell,QA,,CORTEC,Fixed,15,,,,,Any,,,,,,,2023-12-12 00:00:00,2023-12-12 00:00:00,2023-12-12 00:00:00,QA1,053244-00,,R23168,,,RMA 231206,4.0,200.0,2,2,RMA231206,,Pass,Pass,20098,1,0,FINAL INSPECTION ,0,False,2023-12-12 08:16:27.467000,True,BLUDWIG,,,,,,,,,CORNET TECH,,,,,
20109,RC460020,RIBBON CABLE TEFLON 8 CONDUCTOR,,EBRC460020,RIBBON CABLE TEFLON 8 COND.,VGUALLPA,Complete,,Incoming,,CABLES,,EBC,,FLAT CABLE,,Every Item,,,,,,,,,,,,,,2023-12-14 00:00:00,2023-12-14 00:00:00,VGUALLPA,8832,1,,,,,0.0,0.0,1066,10,8832,,Pass,Pass,20109,1,A,,0,False,2023-12-14 15:51:15.820000,True,VGUALLPA,,,,,,,,,,Flat Cable Solutions,,,,
20114,10053,539-210-015-604 HEADBAND ASS'Y,,539-210-015-604,HEADBAND ASS'Y,BLUDWIG,Complete,,In Process,,,Inspection,Roanwell,QA2,,,MIL-STD-1916,1,,,,,,,,,,,,,2023-12-15 00:00:00,2023-12-22 00:00:00,QA2,M23533,,,,,,0.0,0.0,340,16,M23533,,Pass,Pass,20114,1,3,,0,False,2023-12-15 12:57:17.507000,True,BLUDWIG,,,,,,,,,,,,II,Attribute,Normal
20115,10063,539-210-024-121 Headband Assy,,539-210-024-121,Headband Assy  Chrome plated,BLUDWIG,Complete,,In Process,,,Inspection,Roanwell,QA2,,,MIL-STD-1916,1,,,,,,,,,,,,,2023-12-15 00:00:00,2023-12-22 00:00:00,QA2,M23498,,,,,,0.0,0.0,265,12,M23498,,Pass,Pass,20115,1,0,,0,False,2023-12-15 13:28:01.043000,True,BLUDWIG,,,,,,,,,,,,II,Attribute,Normal
20153,10111,539-984-009-604 JUNCTION TOP HOUSING ,,539-984-009-604,JUNCTION TOP HOUSING MOLDED,BLUDWIG,Complete,,In Process,,,Inspection,Roanwell,QA2,,,MIL-STD-1916,1,,,,,,,,,,,"Material was recently changed. spoke with Jakub and Petro and Patrick, Part is functional with final ASSY. Part mates with slight mismatch. Drawing will need to be updated or the mold will need to be. 
BLUDWIG 01/03/2024 11:53 AM",2024-01-03 00:00:00,2024-01-03 00:00:00,2024-01-03 00:00:00,QA2,,,,,,,1.0,50.0,1400,24,M23416,,Fail,Pass,20153,1,1,IN PROCESS,12,False,2024-01-03 12:04:56.280000,True,BLUDWIG,11,,,,,,,,,,,II,Attribute,Normal
20162,10117,502-219-007-653 HANDSET RED,,502-219-007-653,HANDSET RED,JODOI,Complete,,Final,,,Inspection,Roanwell,QA,,DLA,Fixed,15,,,,,Any,,,,,,,2024-01-29 00:00:00,2024-01-03 00:00:00,2024-01-03 00:00:00,QA1,SPE7MX-21-D-0052,,R23201,,,SPE7MX-24-F-0651,3.0,150.0,43,15,W23201,,Pass,Pass,20162,1,(4),FINAL INSPECTION ,0,False,2024-01-03 15:41:15.813000,True,BLUDWIG,,,,,,,,,DLA LAND & MARITIME,,,,,
20163,10043,554-400-007-603 PLUG U-174/U ,,554-400-007-603,PLUG U-174/U (USAF # 62C21700-D),BLUDWIG,Complete,,Incoming,,,Inspection,Roanwell,QA2,,,MIL-STD-1916,1,,,,,,,,,,,,,2024-01-04 00:00:00,2024-01-04 00:00:00,QA2,8806,,,,,,0.0,0.0,630,20,8806,,Pass,Pass,20163,1,,,0,False,2024-01-04 08:08:54.373000,True,BLUDWIG,,,,,,,,,,,,II,Attribute,Normal
20164,10118,218-020-00(2 & 4) MEMBRANE SUPPORT ASSY,,218-020-004-000,MEMBRANE SUPPORT ASSEMBLY,BLUDWIG,Complete,,In Process,,,Inspection,Roanwell,QA2,,,MIL-STD-1916,1,,,,,,,,,,,,2024-01-04 00:00:00,2024-01-04 00:00:00,2024-01-04 00:00:00,QA2,,,,,,,0.0,0.0,1070,24,M23401,,Pass,Pass,20164,1,6,IN PROCESS,0,False,2024-01-04 08:48:05.223000,True,BLUDWIG,,,,,,,,,,,,II,Attribute,Normal
20166,10120,650-909-003-638 Gasket   M23595/3-2,,650-909-003-638,Gasket   M23595/3-2,BLUDWIG,Complete,,In Process,,,Inspection,Roanwell,QA2,,,MIL-STD-1916,1,,,,,,,,,,,,2024-01-04 00:00:00,2024-01-04 00:00:00,2024-01-04 00:00:00,QA2,,,,,,,0.0,0.0,435,16,M23571,,Pass,Pass,20166,1,0,IN PROCESS,0,False,2024-01-04 10:48:35.610000,True,BLUDWIG,1,,,,,,,,,,,II,Attribute,Normal
20127,10083,850-201-042-100 Aluminum sheet 2024,,850-201-042-100,"Aluminum sheet 2024   24""x24""  ",BLUDWIG,Complete,,Incoming,,,Inspection,Roanwell,QA2,MCMASTER-CAR,,MIL-STD-1916,1,,,,,,,,,,,,,2023-12-19 00:00:00,2023-12-22 00:00:00,QA2,009007,1,,,,,0.0,0.0,25,12,9007,,Pass,Pass,20127,1,,,0,False,2023-12-19 10:12:36.210000,True,BLUDWIG,,,,,,,,,,MCMASTER-CARR SUPPLY CO.,,II,Attribute,Normal
20134,10080,515-319-001-603 HAND HELD MIC ,,515-319-001-603,HAND HELD MIC ,JODOI,Complete,,Final,,,Inspection,Roanwell,QA,,DLA,Fixed,15,,,,,Any,,,,,,,2023-12-27 00:00:00,2023-12-19 00:00:00,2023-12-20 00:00:00,QA1,SPE7MX-20-D-0019,,R23152,,,SPE7MX-23-F-254G,0.0,0.0,118,15,W23152,,Pass,Pass,20134,1,2,FINAL INSPCTION,0,False,2023-12-19 14:39:40.537000,True,BLUDWIG,,,,,,,,,DLA LAND & MARITIME,,,,,
20139,10090,218-212-008-101 CONTACT,,218-212-008-101,Contact Pin,BLUDWIG,Complete,,Incoming,,,Inspection,Roanwell,QA2,MICROMATICS,,MIL-STD-1916,1,,,,,,,,,,,,,2023-12-20 00:00:00,2023-12-22 00:00:00,QA2,008892,1,,,,,0.0,0.0,5200,32,8892,,Pass,Pass,20139,1,,,0,False,2023-12-20 08:24:35.680000,True,BLUDWIG,,,,,,,,,,"Micromatics Machine Co., Inc.",,II,Attribute,Normal
20142,10087,SK-7967 HANDSET,,SK-7967,HANDSET,JODOI,Complete,,Final,,,Inspection,Roanwell,QA,,LH4ASS,Fixed,15,,,,,Any,,,,,,,2024-04-02 00:00:00,2023-12-20 00:00:00,2023-12-20 00:00:00,QA1,4106056248,1,R23210,,,,2.0,100.0,4,4,W23210,,Pass,Pass,20142,1,(6),FINAL INSPECTION,0,False,2023-12-20 09:26:17.047000,True,BLUDWIG,,,,,,,,,LH4 ASSOCIATES LLC,,,,,
BA00055,BA00055,ULTRALIFE U10014 CELL,,BA00055,LITHIUM MANGANESE BATTERY,VGUALLPA,Active,,Incoming,,BATTERIES,Quality,EBC,,ULTRALIFE,,Every Item,,,,,,,,,,,,,,2024-01-02 00:00:00,,VGUALLPA,,,,,,,0.0,0.0,,,,,,,BA00055,1,0,,,False,2024-01-02 12:56:57.737000,False,,,,,,,,,,,ULTRALIFE BATTERIES,,,,
20147,BA00055,ULTRALIFE U10014 CELL,,BA00055,LITHIUM MANGANESE BATTERY,VGUALLPA,Complete,,Incoming,,BATTERIES,Quality,EBC,,ULTRALIFE,,Every Item,,,,,,,,,,,,,2024-01-04 00:00:00,2024-01-02 00:00:00,2024-01-02 00:00:00,VGUALLPA,8842,1,,,,,0.0,0.0,1500,50,8842_12-23C,,Pass,Pass,20147,1,0,,0,False,2024-01-02 12:57:28.720000,True,VGUALLPA,,,,,,,,,,ULTRALIFE BATTERIES,2034-01-01 00:00:00,,,
20152,10110,"539-984-010-604 JUNCTION, BOTTOM HOUSING",,539-984-010-604,"JUNCTION, BOTTOM HOUSING MOLDED",BLUDWIG,Complete,,In Process,,,Inspection,Roanwell,QA2,,,MIL-STD-1916,1,,,,,,,,,,,"Material was recently changed. spoke with Jakub and Petro and Patric, Part is functional with final ASSY. Part mates with slight mismatch. Drawing will need to be updated or the mold will need to be. 
BLUDWIG 01/03/2024 11:53 AM
",2024-01-03 00:00:00,2024-01-03 00:00:00,2024-01-03 00:00:00,QA2,,,,,,,2.0,100.0,1400,24,M23417,,Fail,Pass,20152,1,1,IN PROCESS,12,False,2024-01-03 10:21:01.603000,True,BLUDWIG,11,,,,,,,,,,,II,Attribute,Normal
20155,10112,"218-295-001-638 Gasket, M169 receptacle",,218-295-001-638,"Gasket, M169 receptacle",BLUDWIG,Complete,,In Process,,,Inspection,Roanwell,QA2,,,MIL-STD-1916,1,,,,,,,,,,,,2024-01-03 00:00:00,2024-01-03 00:00:00,2024-01-03 00:00:00,QA2,,,,,,,0.5,25.0,2000,32,M23125,,Pass,Pass,20155,1,0,IN PROCESS,0,False,2024-01-03 12:24:38.177000,True,BLUDWIG,,,,,,,,,,,,II,Attribute,Normal
20156,10113,650-902-003-603 Amplifier  Base,,650-902-003-603,Amplifier  Base - Machined,BLUDWIG,Complete,,In Process,,,Inspection,Roanwell,QA2,,,MIL-STD-1916,1,,,,,,,,,,,,2024-01-03 00:00:00,2024-01-03 00:00:00,2024-01-03 00:00:00,QA2,,,,,,,0.5,25.0,570,20,M23561,,Pass,Pass,20156,1,0,IN PROCESS,0,False,2024-01-03 12:36:16.990000,True,BLUDWIG,,,,,,,,,,,,II,Attribute,Normal
20157,10114,"533-010-008-604 PAD, HEADBAND-BLK",,533-010-008-604,"PAD, HEADBAND-BLK",BLUDWIG,Complete,,In Process,,,Inspection,Roanwell,QA2,,,MIL-STD-1916,1,,,,,,,,,,,,2024-01-03 00:00:00,2024-01-03 00:00:00,2024-01-03 00:00:00,QA2,,,,,,,0.5,25.0,694,20,M23529,,Pass,Pass,20157,1,3,IN PROCESS,0,False,2024-01-03 13:01:50.053000,True,BLUDWIG,0,,,,,,,,,,,II,Attribute,Normal
20158,10098,"583-461-002-603 RETRAX 10' TANG 6"" & 12""",,583-461-002-603,"RETRAX 10' TANG 6"" & 12""-BLK",BLUDWIG,Complete,,Incoming,,,Inspection,Roanwell,QA2,GAVITTWIRE&C,,MIL-STD-1916,1,,,,,,,,,,,"6 INCH MEASURMENT IS OVER AT 7 INCHES. PRODUCTION CUTS DOWN TO CORRECT LENGTH DURING ASSY.
BLUDWIG 01/03/2024 1:48 PM
",2024-01-03 00:00:00,2024-01-03 00:00:00,2024-01-10 00:00:00,QA2,008656,2,,,,,0.25,12.5,150,12,8656,,Fail,Pass,20158,1,,INCOMING,5,False,2024-01-03 13:41:35.343000,True,BLUDWIG,4,,,,,,,,,"GAVITT WIRE & CABLE CO., INC.",,II,Attribute,Normal
20159,10100,"751-210-001-000 SPACER TUBE .250"" OD",,751-210-001-000,"SPACER TUBE .250"" OD x .938""",BLUDWIG,Complete,,Incoming,,,Inspection,Roanwell,QA2,MCMASTER-CAR,,MIL-STD-1916,1,,,,,,,,,,,,2024-01-03 00:00:00,2024-01-03 00:00:00,2024-01-03 00:00:00,QA2,008987,2,,,,,0.25,12.5,300,16,008987,,Pass,Pass,20159,1,,INCOMING,0,False,2024-01-03 14:06:03.557000,True,BLUDWIG,,,,,,,,,,MCMASTER-CARR SUPPLY CO.,,II,Attribute,Normal
20160,10115,"539-924-040-694 EARCUP, MACHINED - LEFT",,539-924-040-694,"EARCUP, MACHINED - LEFT",BLUDWIG,Complete,,In Process,,,Inspection,Roanwell,QA2,,,MIL-STD-1916,1,,,,,,,,,,,,2024-01-03 00:00:00,2024-01-03 00:00:00,2024-01-03 00:00:00,QA2,,,,,,,0.5,25.0,75,12,M23490,,Pass,Pass,20160,1,1,IN PROCESS,0,False,2024-01-03 15:02:59.847000,True,BLUDWIG,,,,,,,,,,,,II,Attribute,Normal
20161,10116,539-924-008-694 EARCUP-MACH-RIGHT,,539-924-008-694,EARCUP-MACH-RIGHT,BLUDWIG,Complete,,In Process,,,Inspection,Roanwell,QA2,,,MIL-STD-1916,1,,,,,,,,,,,,2024-01-03 00:00:00,2024-01-03 00:00:00,2024-01-03 00:00:00,QA2,,,,,,,0.5,25.0,74,12,M23489,,Pass,Pass,20161,1,3,IN PROCESS,0,False,2024-01-03 15:10:18.263000,True,BLUDWIG,,,,,,,,,,,,II,Attribute,Normal
20165,10119,218-020-002-000 FRAME MEMBRANE ASS'Y,,218-020-002-000,FRAME MEMBRANE ASS'Y,BLUDWIG,Complete,,In Process,,,Inspection,Roanwell,QA2,,,MIL-STD-1916,1,,,,,,,,,,,,2024-01-04 00:00:00,2024-01-04 00:00:00,2024-01-04 00:00:00,QA2,,,,,,,0.0,0.0,2221,32,17317,,Pass,Pass,20165,1,4,IN PROCESS ,0,False,2024-01-04 09:58:59.297000,True,BLUDWIG,,,,,,,,,,,,II,Attribute,Normal
20168,10112,"218-295-001-638 Gasket, M169 receptacle",,218-295-001-638,"Gasket, M169 receptacle",BLUDWIG,Complete,,In Process,,,Inspection,Roanwell,QA2,,,MIL-STD-1916,1,,,,,,,,,,,,2024-01-04 00:00:00,2024-01-04 00:00:00,2024-01-04 00:00:00,QA2,,,,,,,0.0,0.0,943,20,M23125,,Pass,Pass,20168,1,0,IN PROCESS,0,False,2024-01-04 11:33:48.843000,True,BLUDWIG,,,,,,,,,,,,II,Attribute,Normal
20169,10099,571-914-011-694 SWITCH HOUSING-FRONT,,571-914-011-694,SWITCH HOUSING-FRONT,BLUDWIG,Complete,,In Process,,,Inspection,Roanwell,QA2,,,MIL-STD-1916,1,,,,,,,,,,,,2024-01-04 00:00:00,2024-01-04 00:00:00,2024-01-04 00:00:00,BLUDWIG,,,,,,,0.0,0.0,25,25,M23589,,Fail,Fail,20169,1,(2),IN PROCESS,25,False,2024-01-04 11:54:21.347000,True,BLUDWIG,17,,,,,,,,,,,II,Attribute,Normal
20171,TP000020,406 TAPE ANTENNA BLADE,,EBTP000020,TAPE ANTENNA BLADE 892-15.6,VGUALLPA,Complete,,Incoming,,ANTENNAS,Quality,EBC,,TACTICOM,,Every Item,,,,,,,,,,,,,2024-01-28 00:00:00,2024-01-04 00:00:00,2024-01-04 00:00:00,VGUALLPA,8554,2,,,,,0.0,0.0,500,20,8554_17629,,Pass,Pass,20171,1,A,,0,False,2024-01-04 16:37:06.070000,True,VGUALLPA,,,,,,,,,,Tacticom USA,,,,
20277,10189,495-313-003-604 HEADSET MIC H-354,,495-313-003-604,HEADSET MIC H-354,JODOI,Complete,,Final,,,Inspection,Roanwell,QA,,BAESYS,Fixed,15,,,,,Any,,,,,,,2024-01-19 00:00:00,2024-01-19 00:00:00,2024-01-19 00:00:00,QA1,41-7072101,3,R23178,3,,,0.0,0.0,4,4,W23178,,Pass,Pass,20277,1,2,FINAL INSPECTION ,0,False,2024-01-19 12:27:20.007000,True,BLUDWIG,,,,,,,,,BAE SYSTEMS,,,,,
20189,10130,911-625-002-145 # 6 TAPPING SCREW,,911-625-002-145,"# 6 TAPPING SCREW TYPE B, 1/2"" PAN, STEEL BLK PHOS",BLUDWIG,Complete,,Incoming,,,Inspection,Roanwell,QA2,EMPIREFASTEN,,MIL-STD-1916,1,,,,,,,,,,,,2024-01-09 00:00:00,2024-01-09 00:00:00,2024-01-09 00:00:00,BLUDWIG,008852,1,,,,,0.08,4.0,800,20,8852,,Pass,Pass,20189,1,,INCOMING,0,False,2024-01-09 08:38:31.307000,True,BLUDWIG,,,,,,,,,,EMPIRE FASTENERS INC.,,II,Attribute,Normal
20167,10070,"752-212-001 GROMMET 3/8"" DIA 1/8"" HOLE",,752-212-001-603,"GROMMET 3/8"" DIA 1/8"" HOLE-BLK",BLUDWIG,Complete,,In Process,,,Inspection,Roanwell,QA2,,,MIL-STD-1916,1,,,,,,,,,,,,2024-01-04 00:00:00,2024-01-04 00:00:00,2024-01-10 00:00:00,QA2,,,,,,,0.0,0.0,1200,24,M23293,,Pass,Pass,20167,1,4D,IN PROCESS,0,False,2024-01-04 11:24:00.123000,True,BLUDWIG,,,,,,,,,,,,II,Attribute,Normal
20190,10131,973-609-001-115 SPEED NUT,,973-609-001-115,SPEED NUT,BLUDWIG,Complete,,Incoming,,,Inspection,Roanwell,QA2,EMPIREFASTEN,,MIL-STD-1916,1,,,,,,,,,,,,,2024-01-09 00:00:00,2024-01-10 00:00:00,BLUDWIG,008852,2,,,,,0.25,12.5,800,20,8852,,Pass,Pass,20190,1,,INCOMING,0,False,2024-01-09 08:44:20.727000,True,BLUDWIG,,,,,,,,,,EMPIRE FASTENERS INC.,,II,Attribute,Normal
20193,10053,539-210-015-604 HEADBAND ASS'Y,,539-210-015-604,HEADBAND ASS'Y,BLUDWIG,Complete,,In Process,,,Inspection,Roanwell,QA2,,,MIL-STD-1916,1,,,,,,,,,,,,2024-01-09 00:00:00,2024-01-09 00:00:00,2024-01-09 00:00:00,BLUDWIG,,,,,,,0.25,12.5,165,12,M23533,,Pass,Pass,20193,1,3,IN PROCESS,0,False,2024-01-09 10:47:20.443000,True,BLUDWIG,,,,,,,,,,,,II,Attribute,Normal
20194,10133,"539-984-002-604 JUNCTION, BOTTOM HOUSING",,539-984-002-604,"JUNCTION, BOTTOM HOUSING MOLDED",BLUDWIG,Complete,,In Process,,,Inspection,Roanwell,QA2,,,MIL-STD-1916,1,,,,,,,,,,,,2024-01-09 00:00:00,2024-01-09 00:00:00,2024-01-09 00:00:00,BLUDWIG,,,,,,,0.25,12.5,758,20,M23414,,Pass,Pass,20194,1,1,IN PROCESS,0,False,2024-01-09 11:20:00.820000,True,BLUDWIG,0,,,,,,,,,,,II,Attribute,Normal
20196,10134,"539-984-007-604 JUNCTION,TOP HOUSING ",,539-984-007-604,"JUNCTION,TOP HOUSING MOLDED",BLUDWIG,Complete,,In Process,,,Inspection,Roanwell,QA2,,,MIL-STD-1916,1,,,,,,,,,,,,2024-01-09 00:00:00,2024-01-09 00:00:00,2024-01-09 00:00:00,QA2,,,,,,,0.25,12.5,758,20,M23415,,Pass,Pass,20196,1,1,IN PROCESS,0,False,2024-01-09 11:33:35.033000,True,BLUDWIG,,,,,,,,,,,,II,Attribute,Normal
20198,10135,"539-994-004-604 SHIELD, MICROPHONE ",,539-994-004-604,"SHIELD, MICROPHONE (BACK)",BLUDWIG,Complete,,Incoming,,,Inspection,Roanwell,QA2,MANCHESTERMO,,MIL-STD-1916,1,,,,,,,,,,,,2024-01-09 00:00:00,2024-01-09 00:00:00,2024-01-09 00:00:00,QA2,,,,,,,0.0,0.0,12,12,SAMPLE EARCUP,,Pass,Pass,20198,1,,INCOMING ,0,False,2024-01-09 11:44:22.447000,True,BLUDWIG,,,,,,,,,,"MANCHESTER MOLDING & MFG. CO., INC.",,II,Attribute,Normal
20201,10138,525-914-006-101 BRASS WEIGHT M125,,525-914-006-101,BRASS WEIGHT   M125,BLUDWIG,Complete,,Incoming,,,Inspection,Roanwell,QA2,E  & J,,MIL-STD-1916,1,,,,,,,,,,,,,2024-01-09 00:00:00,2024-01-10 00:00:00,QA2,008925,1,,,,,0.0,0.0,200,12,8925,,Pass,Pass,20201,1,,INCOMING,0,False,2024-01-09 12:22:22.497000,True,BLUDWIG,,,,,,,,,,E & J Machine and Tool,,II,Attribute,Normal
20202,10139,871-309-002-101 CORD HOLDER,,871-309-002-101,CORD HOLDER,JODOI,Complete,,Incoming,,,Inspection,Roanwell,,IMPERIALELEC,,MIL-STD-1916,1,,,,,,,,,,,,,2024-01-09 00:00:00,2024-01-12 00:00:00,JODOI,008970,1,,,,,0.0,0.0,150,12,8970,,Pass,Pass,20202,1,,Incoming,0,False,2024-01-09 12:39:37.597000,True,BLUDWIG,0,,,,,,,,,IMPERIAL ELECTRO PLATING,,II,Attribute,Normal
20204,10140,754-891-004-000 Canberra 1.25 Dia7071986,,754-891-004-000,Canberra 1.25  Dia 7071986  REV C,BLUDWIG,Complete,,Final,,,Inspection,Roanwell,QA,,CABIND,Every Item,1,,,,,,,,,,,2 PIECES FAILED VISUAL INSPECTION ,2024-01-29 00:00:00,2024-01-09 00:00:00,2024-01-29 00:00:00,QA2,4178831,,R23225,,,1,0.0,0.0,20,20,W23225,,Pass,Pass,20204,1,3,FINAL INSPECTION,0,False,2024-01-09 14:15:47.520000,True,BLUDWIG,1,,,,,,,,CABERRA INDUSTRIES INC.,,,,,
20206,10141,583-460-001-603 CORDAGE 4 CONDUCT,,583-460-001-603,CORDAGE 4 CONDUCT .180 DIA  BLK,BLUDWIG,Complete,,Incoming,,,Inspection,Roanwell,QA2,GAVITTWIRE&C,,MIL-STD-1916,1,,,,,,,,,,,,2024-01-09 00:00:00,2024-01-09 00:00:00,2024-01-10 00:00:00,QA2,008846,1,,,,,0.25,12.5,2,2,8846,,Pass,Pass,20206,1,,INCOMING,0,False,2024-01-09 14:30:05.483000,True,BLUDWIG,,,,,,,,,,"GAVITT WIRE & CABLE CO., INC.",,II,Attribute,Normal
20173,10102,554-200-006-603 PLUG U-173/U,,554-200-006-603,PLUG U-173/U,BLUDWIG,Complete,,Incoming,,,Inspection,Roanwell,QA2,,,MIL-STD-1916,1,,,,,,,,,,,,,2024-01-08 00:00:00,2024-01-10 00:00:00,QA2,008963,1,,,,,0.0,0.0,2500,32,8963,,Pass,Pass,20173,1,,,0,False,2024-01-08 06:35:01.823000,True,BLUDWIG,,,,,,,,,,,,II,Attribute,Normal
20174,10093,218-294-008-603  Pin Holder - Bottom,,218-294-008-603, Pin Holder - Bottom,BLUDWIG,Complete,,Incoming,,,Inspection,Roanwell,QA2,,,MIL-STD-1916,1,,,,,,,,,,,,,2024-01-08 00:00:00,2024-01-10 00:00:00,QA2,008544,8,,,,,0.0,0.0,3200,32,8544,,Pass,Pass,20174,1,,,0,False,2024-01-08 07:06:41.790000,True,BLUDWIG,,,,,,,,,,,,II,Attribute,Normal
20176,10043,554-400-007-603 PLUG U-174/U ,,554-400-007-603,PLUG U-174/U (USAF # 62C21700-D),BLUDWIG,Complete,,Incoming,,,Inspection,Roanwell,QA2,,,MIL-STD-1916,1,,,,,,,,,,,,,2024-01-08 00:00:00,2024-01-10 00:00:00,QA2,008962,2,,,,,0.0,0.0,500,16,8962,,Pass,Pass,20176,1,,,0,False,2024-01-08 09:05:47.483000,True,BLUDWIG,,,,,,,,,,,,II,Attribute,Normal
20177,10103,604-469-001-511 CABLE ASS'Y CX-4707/AIC,,604-469-001-511,CABLE ASS'Y CX-4707/AIC,BLUDWIG,Complete,,Incoming,,,Inspection,Roanwell,QA2,,,MIL-STD-1916,1,,,,,,,,,,,,,2024-01-08 00:00:00,2024-01-10 00:00:00,QA2,008962,1,,,,,0.0,0.0,500,16,8962,,Pass,Pass,20177,1,,,0,False,2024-01-08 09:48:08.070000,True,BLUDWIG,,,,,,,,,,,,II,Attribute,Normal
20178,10128,"579-914-044-603 Base,Molded",,579-914-044-603,"Base,Molded",BLUDWIG,Complete,,Incoming,,,Inspection,Roanwell,QA2,,,MIL-STD-1916,1,,,,,,,,,,,,,2024-01-08 00:00:00,2024-01-10 00:00:00,QA2,009038,1,,,,,0.0,0.0,844,20,,,Pass,Pass,20178,1,0D,INCOMING,0,False,2024-01-08 10:02:32.907000,True,BLUDWIG,0,,,,,,,,,,,II,Attribute,Normal
20179,10094,"579-914-046-603 Cover, machined",,579-914-046-603,"Cover, machined",BLUDWIG,Complete,,Incoming,,,Inspection,Roanwell,QA2,PROTO LABS,,MIL-STD-1916,1,,,,,,,,,,,,,2024-01-08 00:00:00,2024-01-10 00:00:00,QA2,009038,2,,,,,0.0,0.0,844,20,9038,,Pass,Pass,20179,1,0,,0,False,2024-01-08 10:53:42.360000,True,BLUDWIG,,,,,,,,,,"Proto Labs, Inc.",,II,Attribute,Normal
20180,10125,751-442-004-603 M-125 STRAIN RELIEF,,751-442-004-603,M-125 STRAIN RELIEF,BLUDWIG,Complete,,In Process,,,Inspection,Roanwell,QA2,,,MIL-STD-1916,1,,,,,,,,,,,,,2024-01-08 00:00:00,2024-01-10 00:00:00,QA2,M23322,,,,,,0.0,0.0,200,12,M23322,,Pass,Pass,20180,1,0,IN PROCESS,0,False,2024-01-08 11:16:42.697000,True,BLUDWIG,0,,,,,,,,,,,II,Attribute,Normal
20181,10126,525-914-007-603 M-125 SWITCH BRACKET,,525-914-007-603,M-125 SWITCH BRACKET,BLUDWIG,Complete,,In Process,,,Inspection,Roanwell,QA2,,,MIL-STD-1916,1,,,,,,,,,,,,,2024-01-08 00:00:00,2024-01-10 00:00:00,QA2,M23347,,,,,,0.0,0.0,200,12,M23347,,Pass,Pass,20181,1,0,N PROCESS,0,False,2024-01-08 12:01:13.493000,True,BLUDWIG,,,,,,,,,,,,II,Attribute,Normal
20229,10155,902-508-108-100 Screw SS #2-56,,902-508-108-100,"Screw  SS Fillister Head, phillips #2-56 x .5  L",BLUDWIG,Complete,,Incoming,,,Inspection,Roanwell,QA2,EMPIREFASTEN,,MIL-STD-1916,1,,,,,,,,,,,,,2024-01-12 00:00:00,2024-01-15 00:00:00,QA2,009019,1,,,,,0.0,0.0,1500,24,9019,,Pass,Pass,20229,1,,INCOMING,0,False,2024-01-12 11:27:57.080000,True,BLUDWIG,,,,,,,,,,EMPIRE FASTENERS INC.,,II,Attribute,Normal
20183,10127,"543-014-001-647 HANDSET, BODY",,543-014-001-647,"HANDSET, BODY",BLUDWIG,Complete,,In Process,,,Inspection,Roanwell,QA2,,,MIL-STD-1916,1,,,,,,,,,,,,,2024-01-09 00:00:00,2024-01-10 00:00:00,QA2,M23384,,,,,,0.0,0.0,62,12,M23384,,Pass,Pass,20183,1,7,,0,False,2024-01-09 06:40:42.230000,True,BLUDWIG,,,,,,,,,,,,II,Attribute,Normal
20184,10114,"533-010-008-604 PAD, HEADBAND-BLK",,533-010-008-604,"PAD, HEADBAND-BLK",BLUDWIG,Complete,,In Process,,,Inspection,Roanwell,QA2,,,MIL-STD-1916,1,,,,,,,,,,,,,2024-01-09 00:00:00,2024-01-10 00:00:00,QA2,M23529,,,,,,0.0,0.0,272,12,M23529,,Pass,Pass,20184,1,3,,0,False,2024-01-09 06:52:23.423000,True,BLUDWIG,,,,,,,,,,,,II,Attribute,Normal
20186,10067,SD-15071 H-250 BREATHER WASHER .187 OD,,SD-15071,H-250 BREATHER WASHER .187 OD,BLUDWIG,Complete,,Incoming,,,Inspection,Roanwell,QA2,FASTENERS,,MIL-STD-1916,1,,,,,,,,,,,,,2024-01-09 00:00:00,2024-01-10 00:00:00,QA2,008898,1,,,,,0.0,0.0,2500,32,8898,,Pass,Pass,20186,1,,,0,False,2024-01-09 07:10:47.340000,True,BLUDWIG,,,,,,,,,,Fasteners & Metal Products Corp.,,II,Attribute,Normal
20191,10132,029-214-015-703 Container Molded for LW,,029-214-015-703,Container Molded for LW Receiver,BLUDWIG,Complete,,In Process,,,Inspection,Roanwell,QA2,,,MIL-STD-1916,1,,,,,,,,,,,,,2024-01-09 00:00:00,2024-01-09 00:00:00,QA2,,,,,,,0.25,12.5,1500,24,M23554,,Pass,Pass,20191,1,1,IN PROCESS,0,False,2024-01-09 09:03:15.307000,True,BLUDWIG,0,,,,,,,,,,,II,Attribute,Normal
20192,10062,"533-030-001-694 PAD,EARPHONE SHELL",,533-030-001-694,"PAD,EARPHONE SHELL",BLUDWIG,Complete,,In Process,,,Inspection,Roanwell,QA2,,,MIL-STD-1916,1,,,,,,,,,,,,2024-01-09 00:00:00,2024-01-09 00:00:00,2024-01-10 00:00:00,QA2,,,,,,,0.25,12.5,228,12,M23531,,Fail,Fail,20192,1,21,IN PROCESS,228,False,2024-01-09 10:10:09.617000,True,BLUDWIG,12,,,,,,,,,,,II,Attribute,Normal
20199,10136,"539-994-005-604 SHIELD, MICROPHONE ",,539-994-005-604,"SHIELD, MICROPHONE (FRONT)",BLUDWIG,Complete,,Incoming,,,Inspection,Roanwell,QA2,,,MIL-STD-1916,1,,,,,,,,,,,,2024-01-09 00:00:00,2024-01-09 00:00:00,2024-01-09 00:00:00,QA2,,,,,,,0.0,0.0,12,12,SAMPLE EARCUP,,Pass,Pass,20199,1,,INCOMING,0,False,2024-01-09 11:47:05.400000,True,BLUDWIG,,,,,,,,,,,,II,Attribute,Normal
20207,10095,920-202-001 FLAT WASHER,,920-202-001,FLAT WASHER .094 ID x .25 OD CAD PLT,BLUDWIG,Complete,,Incoming,,,Inspection,Roanwell,QA2,EMPIREFASTEN,,MIL-STD-1916,1,,,,,,,,,,,,,2024-01-09 00:00:00,2024-01-12 00:00:00,QA2,009014,1,,,,,0.0,0.0,2000,32,,,Pass,Pass,20207,1,,,0,False,2024-01-09 15:31:19.883000,True,BLUDWIG,,,,,,,,,,EMPIRE FASTENERS INC.,,II,Attribute,Normal
20208,10098,"583-461-002-603 RETRAX 10' TANG 6"" & 12""",,583-461-002-603,"RETRAX 10' TANG 6"" & 12""-BLK",BLUDWIG,Complete,,Incoming,,,Inspection,Roanwell,QA2,GAVITTWIRE&C,,MIL-STD-1916,1,,,,,,,,,,,,,2024-01-10 00:00:00,2024-01-12 00:00:00,QA2,008656,2,,,,,0.0,0.0,125,12,8656,,Pass,Pass,20208,1,,,0,False,2024-01-10 10:52:30.923000,True,BLUDWIG,,,,,,,,,,"GAVITT WIRE & CABLE CO., INC.",,II,Attribute,Normal
20211,10105,585-669-001-603 RETRAX ,,585-669-001-603,RETRAX 20'+2' ST+20' TANG 12' BOTH ENDS,BLUDWIG,Complete,,Incoming,,,Inspection,Roanwell,QA2,GAVITTWIRE&C,,MIL-STD-1916,1,,,,,,,,,,,,,2024-01-10 00:00:00,2024-01-12 00:00:00,QA2,008878,1,,,,,0.0,0.0,10,10,8878,,Pass,Pass,20211,1,,,0,False,2024-01-10 11:38:01.293000,True,BLUDWIG,,,,,,,,,,"GAVITT WIRE & CABLE CO., INC.",,II,Attribute,Normal
20214,10148,554-200-011-603 CONNECTOR U-179 A/U,,554-200-011-603,CONNECTOR U-179 A/U (MJ-102),BLUDWIG,Complete,,Incoming,,,Inspection,Roanwell,QA2,AMPHENOLNEXU,,MIL-STD-1916,1,,,,,,,,,,,,,2024-01-10 00:00:00,2024-01-12 00:00:00,QA2,008610,1,,,,,0.0,0.0,4500,32,8610,,Pass,Pass,20214,1,,INCOMING,0,False,2024-01-10 12:45:38.127000,True,BLUDWIG,,,,,,,,,,AMPHENOL NEXUS TECH,,II,Attribute,Normal
20216,10144,991-219-007-100 Dodge self threading,,991-219-007-100,Dodge self threading insert ST086-56,JODOI,Complete,,Incoming,,,Inspection,Roanwell,QA2,S.W. ANDERSO,,MIL-STD-1916,1,,,,,,,,,,,,,2024-01-10 00:00:00,2024-01-12 00:00:00,JODOI,8889,,,,,,0.0,0.0,10000,32,8889,,Pass,Pass,20216,1,,INCOMING,0,False,2024-01-10 13:02:24.263000,True,BLUDWIG,0,,,,,,,,,S.W.Anderson Co.,,II,Attribute,Normal
20215,10025,551-130-001-101 PIN M169,,551-130-001-101,Pin  M169,BLUDWIG,Complete,,Incoming,,,Inspection,Roanwell,QA2,AEROSPACE CO,,MIL-STD-1916,1,,,,,,,,,,,,,2024-01-10 00:00:00,2024-01-12 00:00:00,QA2,008893,1,,,,,0.0,0.0,884,20,8893,,Pass,Pass,20215,1,,,0,False,2024-01-10 13:06:08,True,BLUDWIG,,,,,,,,,,"Aerospace Contacts, LLC",,II,Attribute,Normal
20209,10147,"586-896-001-661 RETRAX 10' TANG 12"" & 36",,586-896-001-661,"RETRAX 10' TANG 12"" & 36""-LT GREY",BLUDWIG,Complete,,Incoming,,,Inspection,Roanwell,QA2,GAVITTWIRE&C,,MIL-STD-1916,1,,,,,,,,,,,,,2024-01-10 00:00:00,2024-01-12 00:00:00,QA2,008297,1,,,,,0.0,0.0,65,12,8297,,Pass,Pass,20209,1,,,0,False,2024-01-10 11:13:51.587000,True,BLUDWIG,,,,,,,,,,"GAVITT WIRE & CABLE CO., INC.",,II,Attribute,Normal
20217,10025,551-130-001-101 PIN M169,,551-130-001-101,Pin  M169,BLUDWIG,Complete,,Incoming,,,Inspection,Roanwell,QA2,AEROSPACE CO,,MIL-STD-1916,1,,,,,,,,,,,,,2024-01-10 00:00:00,2024-01-12 00:00:00,QA2,008893,1,,,,,0.0,0.0,1637,32,8893,,Pass,Pass,20217,1,,,0,False,2024-01-10 14:21:24.743000,True,BLUDWIG,,,,,,,,,,"Aerospace Contacts, LLC",,II,Attribute,Normal
20221,10101,751-332-002-600 CORD PROTECTOR .245 ID,,751-332-002-600,CORD PROTECTOR .245 ID,BLUDWIG,Complete,,In Process,,,Inspection,Roanwell,QA2,,,MIL-STD-1916,1,,,,,,,,,,,,2024-01-12 00:00:00,2024-01-12 00:00:00,2024-01-12 00:00:00,QA2,,,,,,,0.0,0.0,262,12,M23338,,Pass,Pass,20221,1,2,,0,False,2024-01-12 09:29:07.113000,True,BLUDWIG,,,,,,,,,,,,II,Attribute,Normal
20226,10154,554-210-008-603 MIC PLUG MP-103,,554-210-008-603,MIC PLUG MP-103,BLUDWIG,Complete,,Incoming,,,Inspection,Roanwell,QA2,AMPHENOLNEXU,,MIL-STD-1916,1,,,,,,,,,,,,,2024-01-12 00:00:00,2024-01-12 00:00:00,QA2,008748,2,,,,,0.0,0.0,500,16,8748,,Pass,Pass,20226,1,,INCOMING,0,False,2024-01-12 10:12:51.793000,True,BLUDWIG,,,,,,,,,,AMPHENOL NEXUS TECH,,II,Attribute,Normal
20231,10157,"902-206-008 SCREW #2-56 x 3/8"",PAN,  SS",,902-206-008,"SCREW #2-56 x 3/8"",PAN,  SS",BLUDWIG,Complete,,Incoming,,,Inspection,Roanwell,QA2,EMPIREFASTEN,,MIL-STD-1916,1,,,,,,,,,,,,,2024-01-12 00:00:00,2024-01-15 00:00:00,QA2,009019,3,,,,,0.0,0.0,2000,32,9019,,Pass,Pass,20231,1,,INCOMING,0,False,2024-01-12 12:13:56.860000,True,BLUDWIG,,,,,,,,,,EMPIRE FASTENERS INC.,,II,Attribute,Normal
20233,10158,"539-992-004-125 STUD,RETAINING BLK ",,539-992-004-120,"STUD,RETAINING BLK ANODIZE",BLUDWIG,Complete,,Incoming,,,Inspection,Roanwell,QA2,SHERWOODMFGC,,MIL-STD-1916,1,,,,,,,,,,,,2024-01-12 00:00:00,2024-01-12 00:00:00,2024-01-12 00:00:00,QA2,008910,1,,,,,0.0,0.0,1500,24,8910,,Pass,Pass,20233,1,2D,INCOMING,0,False,2024-01-12 12:47:20.530000,True,BLUDWIG,,,,,,,,,,"SHERWOOD MFG CO., INC.",,II,Attribute,Normal
20234,10159,934-234-001-131 SQ WASHER .144 ID x .250,,934-234-001-131,SQ WASHER .144 ID x .250 OD HEAT TREAT,BLUDWIG,Complete,,Incoming,,,Inspection,Roanwell,QA2,PHOENIXSPECI,,MIL-STD-1916,1,,,,,,,,,,,,2024-01-12 00:00:00,2024-01-12 00:00:00,2024-01-12 00:00:00,QA2,008916,1,,,,,0.0,0.0,10000,32,8916,,Pass,Pass,20234,1,,INCOMING,0,False,2024-01-12 12:59:39.240000,True,BLUDWIG,,,,,,,,,,PHOENIX SPECIALTY MFG. CO.,,II,Attribute,Normal
20235,10108,"539-212-028-105 THUMB NUT,KNURLED",,539-212-028-105,"THUMB NUT,KNURLED",BLUDWIG,Complete,,Incoming,,,Inspection,Roanwell,QA2,IMPERIALELEC,,MIL-STD-1916,1,,,,,,,,,,,,2024-01-12 00:00:00,2024-01-12 00:00:00,2024-01-15 00:00:00,QA2,008976,1,,,,,0.0,0.0,1600,24,8976,,Pass,Pass,20235,1,2D,INCOMING,0,False,2024-01-12 13:09:48.097000,True,BLUDWIG,,,,,,,,,,IMPERIAL ELECTRO PLATING,,II,Attribute,Normal
20246,10168,96811 Buckle  96811 SB1,,96811,Buckle  96811 SB1,BLUDWIG,Complete,,Incoming,,,Inspection,Roanwell,QA2,RALSTONCUNNI,,MIL-STD-1916,1,,,,,,,,,,,NEED COC,2024-01-17 00:00:00,2024-01-17 00:00:00,2024-01-19 00:00:00,QA2,009033,2,,,,,0.0,0.0,250,12,9033,,Pass,Pass,20246,1,,INCOMING,0,False,2024-01-17 10:42:59.400000,True,JODOI,,,,,,,,,,Ralston Cunningham,,II,Attribute,Normal
20259,CS000215,CASE (WELDED) SUB-ASM,,EBCS000215,406 CASE - BLACK  A-406-C-105,VGUALLPA,Complete,,Incoming,,HARDWARE,Quality,EBC,,JET PRECIS,,Every Item,,,,,,,,,,,,,2024-02-09 00:00:00,2024-01-18 00:00:00,2024-01-18 00:00:00,VGUALLPA,8698,3,,,,,0.0,0.0,250,5,8698_64999,,Pass,Pass,20259,1,4,,0,False,2024-01-18 09:47:18.753000,True,VGUALLPA,,,,,,,,,,"JET PRECISION METAL, INC.",,,,
20244,10164,502-228-012-653 Handset REX SYS ,,502-228-012-653,Handset,JODOI,Complete,,Final,,,Inspection,Roanwell,QA,,REXSYS,Fixed,15,,,,,Any,,,,,,Microphone => Resistor across Microphone ,2024-01-16 00:00:00,2024-01-16 00:00:00,2024-01-18 00:00:00,BLUDWIG,RMA 231114,,RMA 231114,,,RMA 231114,0.0,0.0,4,4,RMA 231114,,Pass,Pass,20244,1,0D,RMA INSPECTION ,0,False,2024-01-16 10:40:29.990000,True,BLUDWIG,0,,,,,,,,REX SYSTEMS INC,,,,,
20245,10167,"549 Strap # 549  1 ""  Webbing",,549,"Strap # 549  1 ""  Webbing",BLUDWIG,Complete,,Incoming,,,Inspection,Roanwell,QA2,RALSTONCUNNI,,MIL-STD-1916,1,,,,,,,,,,,NEED COC,,2024-01-17 00:00:00,2024-01-19 00:00:00,QA2,009033,1,,,,,0.0,0.0,2,2,9033,,Pass,Pass,20245,1,,INCOMING,0,False,2024-01-17 10:41:08.327000,True,JODOI,,,,,,,,,,Ralston Cunningham,,II,Attribute,Normal
20247,10169,850-601-002-698 FISHPAPER .010 THK ,,850-601-002-698,"FISHPAPER .010 THK, 42"" x 58""-GRAY",BLUDWIG,Complete,,Incoming,,,Inspection,Roanwell,QA2,MCMASTER-CAR,,MIL-STD-1916,1,,,,,,,,,,,,2024-01-17 00:00:00,2024-01-17 00:00:00,2024-01-17 00:00:00,QA2,009073,1,,,,,0.0,0.0,8,8,9073,,Pass,Pass,20247,1,,INCOMING,0,False,2024-01-17 10:56:04.367000,True,BLUDWIG,,,,,,,,,,MCMASTER-CARR SUPPLY CO.,,II,Attribute,Normal
20262,10176,604-471-001-603 CORD & PLUG ASS'Y,,604-471-001-603,CORD & PLUG ASS'Y,JODOI,Complete,,Final,,,Inspection,Roanwell,QA,,DLA,Fixed,15,,,,,Any,,,,,,,2023-11-23 00:00:00,2024-01-18 00:00:00,2024-01-25 00:00:00,QA1,SPE4A6-20-D-5840,,R23144,,,SPE4A6-23-F-316U,0.0,0.0,600,15,R23144,,Pass,Pass,20262,1,3,FINAL INSPECTION ,0,False,2024-01-18 10:59:44.133000,True,BLUDWIG,,,,,,,,,DLA LAND & MARITIME,,,,,
20264,10122A,495-296-009-648H Headset Assy,,495-296-009-648H,Headset Assy NSN: 5965014461533,JODOI,Complete,,Final,,,Inspection,Roanwell,QA,,DLA,Fixed,15,,,,,Any,,,,,,,2023-12-11 00:00:00,2024-01-18 00:00:00,2024-01-19 00:00:00,QA1,SPE7MX-20-D-0090,,R23200,,,SPE7MX-24-F-0682,0.0,0.0,63,63,W23200,,Pass,Pass,20264,1,0,FINAL INSPECTION ,0,False,2024-01-18 11:49:38.217000,True,BLUDWIG,,,,,,,,,DLA LAND & MARITIME,,,,,
20266,10178,222-320-002-661 MICROPHONE ASSY,,222-320-002-661,MICROPHONE ASSY,JODOI,Complete,,Final,,,Inspection,Roanwell,QA,,NPTU-CHARLESTON,Fixed,15,,,,,Any,,,,,,,2024-03-07 00:00:00,2024-01-18 00:00:00,2024-01-18 00:00:00,QA1,CALLVPBD,,R23235,,,,0.0,0.0,10,10,W23235,,Pass,Pass,20266,1,8,FINAL NSPECTION ,0,False,2024-01-18 12:31:30.447000,True,BLUDWIG,,,,,,,,,NPTU CHARLESTON,,,,,
20283,10186,"589-469-001-603 CORD, ELECTRICAL ",,589-469-001-603,"CORD, ELECTRICAL ",BLUDWIG,Complete,,Incoming,,,Inspection,Roanwell,QA2,INTERNATIONA,,MIL-STD-1916,1,,,,,,,,,,,,2024-01-22 00:00:00,2024-01-22 00:00:00,2024-01-22 00:00:00,BLUDWIG,009000,1,,,,,0.0,0.0,65,12,9000,,Pass,Pass,20283,1,,INCOMING,0,False,2024-01-22 08:07:31.940000,True,BLUDWIG,,,,,,,,,,INTERNATIONAL WIRE GROUP,,II,Attribute,Normal
20285,10107,700-339-501-000 660-RK73H2ATTD3R30F  ,,700-339-501-000,660-RK73H2ATTD3R30F  Resistor   M169 Mic,BLUDWIG,Complete,,Incoming,,,Inspection,Roanwell,QA2,MOUSERELECTR,,MIL-STD-1916,1,,,,,,,,,,,,2024-01-22 00:00:00,2024-01-22 00:00:00,2024-01-22 00:00:00,BLUDWIG,008895,1,,,,,0.0,0.0,40000,32,,,Pass,Pass,20285,1,,INCOMING,0,False,2024-01-22 08:34:57.447000,True,BLUDWIG,,,,,,,,,,MOUSER ELECTRONICS,,II,Attribute,Normal
20287,10096,"020-220-001-000 Earphone, 20 Ohm Dynamic",,020-220-001-000,"Earphone, 20 Ohm Dynamic",BLUDWIG,Complete,,Incoming,,,Inspection,Roanwell,QA2,SILLACOM,,MIL-STD-1916,1,,,,,,,,,,,,2024-01-22 00:00:00,2024-01-22 00:00:00,2024-01-22 00:00:00,BLUDWIG,008863,2,,,,,0.0,0.0,800,20,8863,,Pass,Pass,20287,1,,INCOMING,0,False,2024-01-22 09:03:21.787000,True,BLUDWIG,0,,,,,,,,,SILLACOM  LLC,,II,Attribute,Normal
20292,10175,850-701-007-000 NYLON CLOTH,,850-701-007-000,NYLON CLOTH,BLUDWIG,Complete,,Incoming,,,Inspection,Roanwell,QA2,SAATITECH,,MIL-STD-1916,1,,,,,,,,,,,,2024-01-22 00:00:00,2024-01-22 00:00:00,2024-01-22 00:00:00,BLUDWIG,009008,1,,,,,0.0,0.0,10,10,9008,,Pass,Pass,20292,1,,INCOMING,0,False,2024-01-22 10:28:04.917000,True,BLUDWIG,,,,,,,,,,SAATITECH,,II,Attribute,Normal
20218,10093,218-294-008-603  Pin Holder - Bottom,,218-294-008-603, Pin Holder - Bottom,BLUDWIG,Complete,,Incoming,,,Inspection,Roanwell,QA2,,,MIL-STD-1916,1,,,,,,,,,,,,,2024-01-11 00:00:00,2024-01-12 00:00:00,QA2,008544,8,,,,,0.0,0.0,1800,32,8544,,Pass,Pass,20218,1,,,0,False,2024-01-11 06:51:30.133000,True,BLUDWIG,,,,,,,,,,,,II,Attribute,Normal
20220,10149,"588-589-001 RETRAX 2' TANG 12"" ",,588-589-001-603,"RETRAX 2' TANG 12""  M125",JODOI,Complete,,Incoming,,,Inspection,Roanwell,,,,MIL-STD-1916,1,,,,,,,,,,,,,2024-01-12 00:00:00,2024-01-12 00:00:00,QA2,008821,2,,,,,0.0,0.0,365,16,8821,,Pass,Pass,20220,1,,,0,False,2024-01-12 06:23:22.560000,True,BLUDWIG,,,,,,,,,,,,II,Attribute,Normal
20222,10151,"807-104-002-661 ADAPTOR,MIC-HOT STAMPED",,807-104-002-661,"ADAPTOR,MIC-HOT STAMPED",BLUDWIG,Complete,,In Process,,,Inspection,Roanwell,QA2,,,MIL-STD-1916,1,,,,,,,,,,,,,2024-01-12 00:00:00,2024-01-12 00:00:00,QA2,,,,,,,0.0,0.0,207,12,M23559,,Pass,Pass,20222,1,3,IN PROCESS,0,False,2024-01-12 09:37:07.327000,True,BLUDWIG,,,,,,,,,,,,II,Attribute,Normal
20223,10152,525-914-012-603 M125 REAR PANEL MACHINED,,525-914-012-603,M-125 REAR PANEL MACHINED,BLUDWIG,Complete,,In Process,,,Inspection,Roanwell,QA2,,,MIL-STD-1916,1,,,,,,,,,,,,2024-01-12 00:00:00,2024-01-12 00:00:00,2024-01-12 00:00:00,QA2,,,,,,,0.0,0.0,498,16,M23601,,Pass,Pass,20223,1,0,IN PROCESS,0,False,2024-01-12 09:45:15.710000,True,BLUDWIG,,,,,,,,,,,,II,Attribute,Normal
20224,10153,540-024-017-661 RECEIVER CAP/HANDLE,,540-024-017-661,RECEIVER CAP/HANDLE ASS'Y,BLUDWIG,Complete,,In Process,,,Inspection,Roanwell,QA2,,,MIL-STD-1916,1,,,,,,,,,,,,2024-01-12 00:00:00,2024-01-12 00:00:00,2024-01-12 00:00:00,QA2,,,,,,,0.0,0.0,97,12,M23623,,Pass,Pass,20224,1,1,IN PROCESS,0,False,2024-01-12 09:52:30.730000,True,BLUDWIG,,,,,,,,,,,,II,Attribute,Normal
20230,10156,940-000-001-100 Lock washer 92147A111,,940-000-001-100,Lock washer 92147A111,BLUDWIG,Complete,,Incoming,,,Inspection,Roanwell,QA2,EMPIREFASTEN,,MIL-STD-1916,1,,,,,,,,,,,,2024-01-12 00:00:00,2024-01-12 00:00:00,2024-01-12 00:00:00,QA2,009019,2,,,,,0.0,0.0,4000,32,9019,,Pass,Pass,20230,1,,INCOMING,0,False,2024-01-12 11:46:48.937000,True,BLUDWIG,,,,,,,,,,EMPIRE FASTENERS INC.,,II,Attribute,Normal
20238,10162,029-201-004-125 INSERT TERMINAL-TINNED,,029-201-004-125,INSERT TERMINAL-TINNED,BLUDWIG,Complete,,Incoming,,,Inspection,Roanwell,QA2,SHERWOODMFGC,,MIL-STD-1916,1,,,,,,,,,,,,2024-01-12 00:00:00,2024-01-12 00:00:00,2024-01-12 00:00:00,QA2,008998,1,,,,,0.0,0.0,1250,24,8998,,Pass,Pass,20238,1,4D,INCOMING,0,False,2024-01-12 14:40:44.820000,True,BLUDWIG,,,,,,,,,,"SHERWOOD MFG CO., INC.",,II,Attribute,Normal
20239,RTV-710,RTV-710 A&B SILICON POTTING,,RTV-710,,VGUALLPA,Active,,Incoming,,CHEMICAL,Quality,EBC,,POLYCAST,,Every Item,,,,,,,,,,,,"PART A MFG LOT#: 50498
PART B MFG LOT#: 50499",2024-01-15 00:00:00,2024-01-15 00:00:00,2024-01-15 00:00:00,VGUALLPA,120523,,,,,,0.0,0.0,5,5,120523,,,,20239,1,0,,5,False,2024-01-15 11:36:28.537000,False,,,,,,,,,,,"Polycast Industries, Inc.",2024-07-15 00:00:00,,,
20242,TM000010,406 TRANSMITTER MODULE,,EBTM000010,(MOSARE) 406 Module,VGUALLPA,Complete,,Incoming,,ELECTRONIC COMPONENT,Quality,EBC,,,,Every Item,,,,,,,,,,,,,2024-01-15 00:00:00,2024-01-15 00:00:00,2024-01-15 00:00:00,VGUALLPA,8935,,,,,,0.0,0.0,21,10,8935,,Pass,Pass,20242,1,0,,0,False,2024-01-15 17:44:59.017000,True,VGUALLPA,,,,,,,,,,,,,,
20249,10171,"902-504-008-100 Filllister HD, slotted  ",,902-504-008-100,"Filllister HD, slotted   #2-56  x  .25  L",BLUDWIG,Complete,,Incoming,,,Inspection,Roanwell,QA2,FASTENERS,,MIL-STD-1916,1,,,,,,,,,,,,2024-01-17 00:00:00,2024-01-17 00:00:00,2024-01-17 00:00:00,QA2,009018,2,,,,,0.0,0.0,1500,24,9018,,Pass,Pass,20249,1,,INCOMING,0,False,2024-01-17 11:20:19.310000,True,BLUDWIG,1,,,,,,,,,Fasteners & Metal Products Corp.,,II,Attribute,Normal
20250,10172,900-406-008-100 Screw round hd  slotted ,,900-406-008-100,Screw round hd  slotted  # 0-80 x .375 L,BLUDWIG,Complete,,Incoming,,,Inspection,Roanwell,QA2,FASTENERS,,MIL-STD-1916,1,,,,,,,,,,,,2024-01-17 00:00:00,2024-01-17 00:00:00,2024-01-18 00:00:00,QA2,009018,1,,,,,0.0,0.0,1500,24,9018,,Pass,Pass,20250,1,,INCOMING,0,False,2024-01-17 11:32:46.747000,True,BLUDWIG,,,,,,,,,,Fasteners & Metal Products Corp.,,II,Attribute,Normal
20256,10104,650-301-013-000 PCB ,,650-301-013-000,PCB  for M23595-3 Amp Assy,BLUDWIG,Complete,,Incoming,,,Inspection,Roanwell,QA2,QUICKTURN,,MIL-STD-1916,1,,,,,,,,,,,needs COC ,2024-01-17 00:00:00,2024-01-17 00:00:00,2024-01-19 00:00:00,QA2,009040,1,,,,,0.0,0.0,1000,24,9040,,Pass,Pass,20256,1,,INCOMING,0,False,2024-01-17 13:32:05.810000,True,JODOI,,,,,,,,,,QuickturnPCB - U & I,,II,Attribute,Normal
20257,CV000195,COVER,,EBCV000195,406 CASE COVER BLACK  A-406-C-104,VGUALLPA,Complete,,Incoming,,HARDWARE,Quality,EBC,,JET PRECIS,,Every Item,,,,,,,,,,,,,2024-02-09 00:00:00,2024-01-17 00:00:00,2024-01-17 00:00:00,VGUALLPA,8698,4,,,,,0.0,0.0,250,5,8698_6500,,Pass,Pass,20257,1,3,,0,False,2024-01-17 16:23:52.963000,True,VGUALLPA,,,,,,,,,,"JET PRECISION METAL, INC.",,,,
20258,CB800020,USB TYPE A TO MINI-B BLK 3.3,,EBCB800020,USB TYPE A TO MINI-B BLK3.3,VGUALLPA,Complete,,Incoming,,CABLES,,EBC,,DIGIKEY,,Every Item,,,,,,,,,,,,,2024-01-29 00:00:00,2024-01-17 00:00:00,2024-01-17 00:00:00,VGUALLPA,9067,9067,,1,,,0.0,0.0,15,5,9067_2245,,Pass,Pass,20258,1,0,,0,False,2024-01-17 17:22:36.433000,True,VGUALLPA,,,,,,,,,,Digikey Electronics,,,,
20267,BA000070,BATTERY C SIZE 658-BR-C,,EBBA000070,BATTERY C SIZE 658-BR-C,VGUALLPA,Complete,,Incoming,,BATTERIES,Quality,EBC,,MOUSER,,Every Item,,,,,,,,,,,,,2024-02-03 00:00:00,2024-01-18 00:00:00,2024-01-18 00:00:00,VGUALLPA,8568,1,,,,,0.0,0.0,65,10,8568,,Pass,Pass,20267,1,0,,0,False,2024-01-18 12:46:32.217000,True,VGUALLPA,,,,,,,,,,Mouser Electronics,,,,
20270,10123,218-294-009-603 Pin Holder - Top,,218-294-009-603,Pin Holder - Top,BLUDWIG,Complete,,Incoming,,,Inspection,Roanwell,QA2,PLASTIC,,MIL-STD-1916,1,,,,,,,,,,,,2024-01-19 00:00:00,2024-01-19 00:00:00,2024-01-19 00:00:00,QA2,008544,9,,,,,0.0,0.0,5000,32,8544,,Pass,Pass,20270,1,,INCOMING,0,False,2024-01-19 08:59:50.530000,True,BLUDWIG,,,,,,,,,,"Plastic Design International , Inc.",,II,Attribute,Normal
20276,10187,453-820-001-603 SWITCHBOX & HANGER ASS'Y,,453-820-001-603,SWITCHBOX & HANGER ASS'Y.,JODOI,Complete,,Final,,,Inspection,Roanwell,QA,,BAESYS,Fixed,15,,,,,Any,,,,,,,2024-01-19 00:00:00,2024-01-19 00:00:00,2024-01-19 00:00:00,QA1,41-7072101,1,R23178,1,,,0.0,0.0,2,2,W23178,,Pass,Pass,20276,1,10,FINAL INSPECTION ,0,False,2024-01-19 12:04:39.697000,True,BLUDWIG,,,,,,,,,BAE SYSTEMS,,,,,
20294,10194,216-030-001-704 Mic  Kit - M87,,216-030-001-704,Mic  Kit - M87,BLUDWIG,Complete,,Incoming,,,Inspection,Roanwell,QA2,SILLACOM,,MIL-STD-1916,1,,,,,,,,,,,,2024-01-22 00:00:00,2024-01-22 00:00:00,2024-01-22 00:00:00,BLUDWIG,008946,1,,,,,0.0,0.0,350,16,8946,,Pass,Pass,20294,1,,,0,False,2024-01-22 10:53:09.487000,True,BLUDWIG,,,,,,,,,,SILLACOM  LLC,,II,Attribute,Normal
20295,BZ100040,BB-12M BUZZER,,EBBZ100040,BUZZER MALLORY,VGUALLPA,Complete,,Incoming,,ELECTRONIC COMPONENT,Quality,EBC,,MOUSER ELE,,ANSI Z1.4,1,,,,,,I,Normal,Single,1.0,,,,2024-01-22 00:00:00,2024-01-22 00:00:00,VGUALLPA,8699,4,,,,,0.0,0.0,250,13,8699_2214-2,,Pass,Pass,20295,1,A,,0,False,2024-01-22 11:42:05.383000,True,VGUALLPA,,,,,,,,,,MOUSER ELECTRONICS,,,,
20297,DI000070,EBDI000070,,EBDI000070,DIODE 1N4002,VGUALLPA,Complete,,Incoming,,ELECTRONIC COMPONENT,Quality,EBC,,MOUSER ELE,,Every Item,,,,,,,,,,,,,2024-01-22 00:00:00,2024-01-22 00:00:00,2024-01-22 00:00:00,VGUALLPA,9023,1,,,,,0.0,0.0,1000,15,9023_2222,,Pass,Pass,20297,1,0,,0,False,2024-01-22 12:51:10.017000,True,VGUALLPA,,,,,,,,,,MOUSER ELECTRONICS,,,,
20286,10104,650-301-013-000 PCB ,,650-301-013-000,PCB  for M23595-3 Amp Assy,BLUDWIG,Complete,,Incoming,,,Inspection,Roanwell,QA2,QUICKTURN,,MIL-STD-1916,1,,,,,,,,,,,,2024-01-22 00:00:00,2024-01-22 00:00:00,2024-01-22 00:00:00,BLUDWIG,009040,1,,,,,0.0,0.0,1000,24,9040,,Pass,Pass,20286,1,,INCOMING,0,False,2024-01-22 08:56:34.107000,True,BLUDWIG,,,,,,,,,,QuickturnPCB - U & I,,II,Attribute,Normal
20289,10194,216-030-001-704 Mic  Kit - M87,,216-030-001-704,Mic  Kit - M87,BLUDWIG,Complete,,Incoming,,,Inspection,Roanwell,QA2,SILLACOM,,MIL-STD-1916,1,,,,,,,,,,,,2024-01-22 00:00:00,2024-01-22 00:00:00,2024-01-22 00:00:00,BLUDWIG,008863,3,,,,,0.0,0.0,500,16,8863,,Pass,Pass,20289,1,,INCOMING,0,False,2024-01-22 09:52:19.137000,True,BLUDWIG,,,,,,,,,,SILLACOM  LLC,,II,Attribute,Normal
20290,10195,020-520-001-000 EARPHONE DYN. 600 OHM,,020-520-001-000,EARPHONE ASS'Y DYN. 600 OHM,BLUDWIG,Complete,,Incoming,,,Inspection,Roanwell,QA2,SILLACOM,,MIL-STD-1916,1,,,,,,,,,,,,2024-01-22 00:00:00,2024-01-22 00:00:00,2024-01-22 00:00:00,BLUDWIG,009046,1,,,,,0.0,0.0,200,12,9046,,Pass,Pass,20290,1,,INCOMING,0,False,2024-01-22 10:16:27.810000,True,BLUDWIG,,,,,,,,,,SILLACOM  LLC,,II,Attribute,Normal
20300,CN000405,EBCN000405,,EBCN000405,15 MALE D-SUB SOLDER CUP ,VGUALLPA,Complete,,Incoming,,CONNECTORS,Quality,EBC,,TTI,,Every Item,,,,,,,,,,,,"100 PCS ---> MFG LOT#: 2326
150 PCS ---> MFG LOT#: 2333",,2024-01-22 00:00:00,2024-01-22 00:00:00,VGUALLPA,8700,4,,,,,0.0,0.0,250,25,8700_2326_2333,,Pass,Pass,20300,1,0,,0,False,2024-01-22 15:14:54.823000,True,VGUALLPA,,,,,,,,,,"TTI, Inc.",,,,
20303,10196,"850-307-008-000 Tape Kapton  - 1/2 """,,850-307-008-000,"Tape Kapton  - 1/2 "" 7648A32",BLUDWIG,Complete,,Incoming,,,Inspection,Roanwell,QA2,MCMASTER-CAR,,MIL-STD-1916,1,,,,,,,,,,,"AN ECO HAS BEEN MADE TO APPROVE THE 1/2 INCH SIZE. BL HAS TALKED WITH MW, JA AND JO ALREADY 
BLUDWIG 01/23/2024 9:50 AM
",2024-01-23 00:00:00,2024-01-23 00:00:00,2024-01-23 00:00:00,BLUDWIG,008988,1,,,,,0.0,0.0,2,2,8988,,Pass,Pass,20303,1,,INCOMING,0,False,2024-01-23 09:47:14.250000,True,BLUDWIG,,,,,,,,,,MCMASTER-CARR SUPPLY CO.,,II,Attribute,Normal
20306,10198,559-998-016-000 CABLE STRAIN RELIEF,,559-998-016-000,CABLE STRAIN RELIEF GMA-1B-054 DN,BLUDWIG,Complete,,Incoming,,,Inspection,Roanwell,QA2,"LEMOUSA,INC.",,MIL-STD-1916,1,,,,,,,,,,,,2024-01-23 00:00:00,2024-01-23 00:00:00,2024-01-23 00:00:00,BLUDWIG,008853,2 & 4,,,,,0.0,0.0,75,12,8853,,Pass,Pass,20306,1,,INCOMING,0,False,2024-01-23 10:49:10.750000,True,BLUDWIG,,,,,,,,,,"LEMO USA, INC.",,II,Attribute,Normal
20310,10180,"539-933-045-698 FILLER, FOAM",,539-933-045-698,"FILLER, FOAM",BLUDWIG,Complete,,Incoming,,,Inspection,Roanwell,QA2,INTERFOAMFAB,,MIL-STD-1916,1,,,,,,,,,,,,2024-01-23 00:00:00,2024-01-23 00:00:00,2024-01-23 00:00:00,BLUDWIG,008914,2,,,,,0.0,0.0,1400,24,8914,,Pass,Pass,20310,1,,INCOMING,0,False,2024-01-23 11:51:45.497000,True,BLUDWIG,,,,,,,,,,INTERFOAM FABRICATOR,,II,Attribute,Normal
20312,10181,"539-933-046-698 FILLER, FOAM",,539-933-046-698,"FILLER, FOAM",BLUDWIG,Complete,,Incoming,,,Inspection,Roanwell,QA2,INTERFOAMFAB,,MIL-STD-1916,1,,,,,,,,,,,,2024-01-23 00:00:00,2024-01-23 00:00:00,2024-01-23 00:00:00,BLUDWIG,008914,3,,,,,0.0,0.0,1500,24,8914,,Pass,Pass,20312,1,,INCOMING,0,False,2024-01-23 12:20:15.570000,True,BLUDWIG,,,,,,,,,,INTERFOAM FABRICATOR,,II,Attribute,Normal
20313,10179,"539-933-013-698 FILLER, FOAM",,539-933-013-698,"FILLER, FOAM",BLUDWIG,Complete,,Incoming,,,Inspection,Roanwell,QA2,INTERFOAMFAB,,MIL-STD-1916,1,,,,,,,,,,,,2024-01-23 00:00:00,2024-01-23 00:00:00,2024-01-23 00:00:00,BLUDWIG,008914,1,,,,,0.0,0.0,1500,24,8914,,Pass,Pass,20313,1,,NCOMING,0,False,2024-01-23 12:29:03.780000,True,BLUDWIG,,,,,,,,,,INTERFOAM FABRICATOR,,II,Attribute,Normal
20314,LA700050,GS-52 ID LABEL,,EBLA700050,GS-52 ID LABEL,VGUALLPA,Complete,,Incoming,,LABELS,Inspection,EBC,,PACKAGING,,Every Item,,,,,,,,,,,,,2024-01-23 00:00:00,2024-01-23 00:00:00,2024-01-23 00:00:00,VGUALLPA,81373,,,,,,0.0,0.0,2000,20,81373,,,Pass,20314,1,0,,0,False,2024-01-23 17:19:26.297000,True,VGUALLPA,,,,,,,,,,PACKAGING PIONEERS,,,,
20252,10173,"753-111-002-603 O- RING  5/64"" ID",,753-111-002-603,"O- RING  5/64"" ID",BLUDWIG,Complete,,Incoming,,,Inspection,Roanwell,QA2,MCMASTER-CAR,,MIL-STD-1916,1,,,,,,,,,,,,2024-01-17 00:00:00,2024-01-17 00:00:00,2024-01-17 00:00:00,QA2,009049,1,,,,,0.0,0.0,2000,32,9049,,Pass,Pass,20252,1,,INCOMING,0,False,2024-01-17 11:58:49.280000,True,BLUDWIG,,,,,,,,,,MCMASTER-CARR SUPPLY CO.,,II,Attribute,Normal
20260,10019A,Microphone 218-950-008-603 GW9389,,218-950-008-603,Microphone  Sub-Assy  GW9389,JODOI,Active,,Final,,,Inspection,Roanwell,QA2,,GENTEX,Fixed,15,,,,,Any,,,,,,All mics were inspected fully - 15 data point captured in unipoint. -  ,2024-01-19 00:00:00,2024-01-18 00:00:00,,JODOI,,,R23131,,,,0.0,0.0,418,418,W23131,,Undetermined,Undetermined,20260,1,A,FINAL INSPECTION ,418,False,2024-01-18 10:26:29.917000,False,,,,,,,,,,Gentex,,,,,
20261,PL800015,SWITCH PLATE,,EBPL800015,406 SWITCH PLATE - BLACK  A-406-C-101,VGUALLPA,Complete,,Incoming,,HARDWARE,Quality,EBC,,JET PRECIS,,Every Item,,,,,,,,,,,,,2024-02-09 00:00:00,2024-01-18 00:00:00,2024-01-18 00:00:00,VGUALLPA,8698,5,,,,,0.0,0.0,250,5,8698_65006,,Pass,Pass,20261,1,6,,0,False,2024-01-18 10:54:27.650000,True,VGUALLPA,,,,,,,,,,"JET PRECISION METAL, INC.",,,,
20316,10118,218-020-004 MEMBRANE SUPPORT ASSY,,218-020-004-000,MEMBRANE SUPPORT ASSEMBLY,BLUDWIG,Complete,,In Process,,,Inspection,Roanwell,QA2,,,MIL-STD-1916,1,,,,,,,,,,,,2024-01-24 00:00:00,2024-01-24 00:00:00,2024-01-24 00:00:00,QA2,M23401,,,,,,0.0,0.0,3617,32,M23401,,Pass,Pass,20316,1,6,IN PROCESS,0,False,2024-01-24 11:27:38.853000,True,BLUDWIG,,,,,,,,,,,,II,Attribute,Normal
20320,10201,700-240-901-000 Resistor755-ESR18EZPF240,,700-240-901-000,Resistor 755-ESR18EZPF24R0,BLUDWIG,Complete,,Incoming,,,Inspection,Roanwell,QA2,MOUSERELECTR,,MIL-STD-1916,1,,,,,,,,,,,,2024-01-25 00:00:00,2024-01-25 00:00:00,2024-01-25 00:00:00,QA2,009052,1,,,,,0.0,0.0,200,12,9052,,Pass,Pass,20320,1,0,INCOMING,0,False,2024-01-25 13:55:06.510000,True,BLUDWIG,,,,,,,,,,MOUSER ELECTRONICS,,II,Attribute,Normal
20322,CA900100,CAPACITOR TANT 33UF ,,EBCA900100,CAPACITOR TANT 33UF 10% 15V AXIAL,VGUALLPA,Complete,,Incoming,,ELECTRONIC COMPONENT,Quality,EBC,,DIGIKEY,,Every Item,,,,,,,,,,,,,2024-02-02 00:00:00,2024-01-26 00:00:00,2024-01-26 00:00:00,VGUALLPA,9029,1,,,,,0.0,0.0,125,5,9029,,Pass,Pass,20322,1,0,,0,False,2024-01-26 11:05:51.750000,True,VGUALLPA,,,,,,,,,,Digikey Electronics,,,,
20323,RE100157,RESISTANCE 2.2K OHM,,EBRE100157,RESISTANCE 2.2KOHM 5% 1/4W AXIAL,VGUALLPA,Complete,,Incoming,,ELECTRONIC COMPONENT,Quality,EBC,,DIGIKEY,,Every Item,,,,,,,,,,,,,2024-02-02 00:00:00,2024-01-26 00:00:00,2024-01-26 00:00:00,VGUALLPA,9029,2,,,,,0.0,0.0,500,10,9029,,Fail,Pass,20323,1,0,,0,False,2024-01-26 11:40:28.070000,True,VGUALLPA,,,,,,,,,,Digikey Electronics,,,,
20253,10174,850-404-001-661 ABS LT GREY - CycolaC,,850-404-001-661,ABS LT GREY - Cycolac MG47 / T - 32512 LT GREY,BLUDWIG,Complete,,Incoming,,,Inspection,Roanwell,QA2,MARVAL,,MIL-STD-1916,1,,,,,,,,,,,,2024-01-17 00:00:00,2024-01-17 00:00:00,2024-01-17 00:00:00,QA2,008995,1,,,,,0.0,0.0,1,1,8995,,Pass,Pass,20253,1,,,0,False,2024-01-17 12:15:52.713000,True,BLUDWIG,,,,,,,,,,"Marval Industries, Inc.",,II,Attribute,Normal
20255,10090,218-212-008-101 CONTACT,,218-212-008-101,Contact Pin,BLUDWIG,Complete,,Incoming,,,Inspection,Roanwell,QA2,MICROMATICS,,MIL-STD-1916,1,,,,,,,,,,,,2024-01-17 00:00:00,2024-01-17 00:00:00,2024-01-18 00:00:00,QA2,008892,2,,,,,0.0,0.0,8500,32,8892,,Pass,Pass,20255,1,,INCOMING,0,False,2024-01-17 12:36:42.367000,True,BLUDWIG,,,,,,,,,,"Micromatics Machine Co., Inc.",,II,Attribute,Normal
20263,BR000100,BB-12M BLK CABIN MTG BKT WELDED ASM,,EBBR000100,BB-12M CABIN BRACKET BLACK,VGUALLPA,Complete,,Incoming,,HARDWARE,Quality,EBC,,JET PRECIS,,Every Item,,,,,,,,,,,,,2024-02-09 00:00:00,2024-01-18 00:00:00,2024-01-18 00:00:00,VGUALLPA,8698,7,,,,,0.0,0.0,250,5,8698_65003,,Pass,Pass,20263,1,3,,0,False,2024-01-18 11:46:06.570000,True,VGUALLPA,,,,,,,,,,"JET PRECISION METAL, INC.",,,,
20265,10177,204-000-028-603 CONFIDENCER W/R Black ,,204-000-028-603,CONFIDENCER Water Resist Black,JODOI,Active,,Final,,,Quality,Roanwell,,,,MIL-STD-1916,1,,,,,,,,,,,Customer is Advance Mining Services - see attachment for PO ,,2024-01-18 00:00:00,,QA1,,,R23230,,,,0.0,0.0,10,10,W23230,,Undetermined,Undetermined,20265,1,1,,10,False,2024-01-18 12:18:52.650000,False,,,,,,,,,,,,,II,Attribute,Normal
20269,CA700055,0.8 - 10 PF TRIMMER CAPACITOR,,EBCA700055,0.8 - 10 PF TRIM CAPACITOR,VGUALLPA,Complete,,Incoming,,ELECTRONIC COMPONENT,Quality,EBC,,DIGIKEY,,Every Item,,,,,,,,,,,,,2023-12-01 00:00:00,2024-01-18 00:00:00,2024-01-18 00:00:00,VGUALLPA,8909,1,,,,,0.0,0.0,100,10,8909_28449898,,Pass,Pass,20269,1,0,,0,False,2024-01-18 17:53:02.460000,True,VGUALLPA,,,,,,,,,,Digikey Electronics,,,,
20271,10176,604-471-001-603 CORD & PLUG ASS'Y,,604-471-001-603,CORD & PLUG ASS'Y,JODOI,Complete,,Final,,,Inspection,Roanwell,QA,,MAVENG,Fixed,15,,,,,Any,,,,,,,2024-02-29 00:00:00,2024-01-19 00:00:00,2024-01-23 00:00:00,QA1,044729,0005,R23226,,,,0.0,0.0,11,11,W23226,,Pass,Pass,20271,1,3,FINAL INSPECTION ,0,False,2024-01-19 09:41:58.583000,True,BLUDWIG,,,,,,,,,MAVEN ENGINEERING CORPORATION ,,,,,
20272,10124,218-294-010-603 TOP WITH WELDING LIP,,218-294-010-603,Top Pin Holder with welding lip,BLUDWIG,Complete,,Incoming,,,Inspection,Roanwell,QA2,PLASTIC,,MIL-STD-1916,1,,,,,,,,,,,,2024-01-19 00:00:00,2024-01-19 00:00:00,2024-01-19 00:00:00,QA2,008544,10,,,,,0.0,0.0,5000,32,8544,,Pass,Pass,20272,1,,,0,False,2024-01-19 10:06:08.517000,True,BLUDWIG,,,,,,,,,,"Plastic Design International , Inc.",,II,Attribute,Normal
20273,10184,754-881-001-638 RTV COLLAR ASS'Y,,754-881-001-638,RTV COLLAR ASS'Y,JODOI,Complete,,Final,,,Inspection,Roanwell,QA,,CABIND,Fixed,15,,,,,Any,,,,,,1 pc failed ,,2024-01-19 00:00:00,2024-01-29 00:00:00,QA1,4175054,,R23236,,,1,0.0,0.0,16,16,W23236,,Pass,Pass,20273,1,1,FINAL INSPECTION ,0,False,2024-01-19 10:28:34.297000,True,BLUDWIG,1,,,,,,,,CABERRA INDUSTRIES INC.,,,,,
20278,10190,495-119-027-603 Headset,,495-119-027-603,Headset,JODOI,Complete,,Final,,,Inspection,Roanwell,QA,,BAESYS,Fixed,15,,,,,Any,,,,,,,2024-01-19 00:00:00,2024-01-19 00:00:00,2024-01-19 00:00:00,QA1,41-7072101,2,R23178,2,,,0.0,0.0,8,8,W23178,,Pass,Pass,20278,1,1,,0,False,2024-01-19 14:35:25.967000,True,BLUDWIG,1,,,,,,,,BAE SYSTEMS,,,,,
20279,10166,609-951-005-603 CORD ASS'Y,,609-951-005-603,CORD ASS'Y,JODOI,Complete,,Final,,,Inspection,Roanwell,QA,,BAESYS,Fixed,15,,,,,Any,,,,,,,2024-01-19 00:00:00,2024-01-19 00:00:00,2024-01-19 00:00:00,QA1,41-7072101,4,R23178,4,,,0.0,0.0,2,2,W23178,,Pass,Pass,20279,1,0,FINAL INSPECTION ,0,False,2024-01-19 14:53:16.307000,True,BLUDWIG,,,,,,,,,BAE SYSTEMS,,,,,
20280,10165,609-951-006-603 CORD ASS'Y,,609-951-006-603,CORD ASS'Y,JODOI,Complete,,Final,,,Inspection,Roanwell,QA,,BAESYS,Fixed,15,,,,,Any,,,,,,,2024-01-19 00:00:00,2024-01-19 00:00:00,2024-01-19 00:00:00,QA1,41-7072101,5,R23178,5,,,0.0,0.0,2,2,W23178,,Pass,Pass,20280,1,0,FINAL INSPECTION ,0,False,2024-01-19 15:15:12.097000,True,BLUDWIG,,,,,,,,,BAE SYSTEMS,,,,,
20282,10193,609-981-005-603 CORD ASSEMBLY,,609-981-005-603,CORD ASSEMBLY,JODOI,Complete,,Final,,,Inspection,Roanwell,QA,,BAESYS,Fixed,15,,,,,Any,,,,,,,2024-01-19 00:00:00,2024-01-19 00:00:00,2024-01-19 00:00:00,QA1,41-7072101,6,R23178,6,,,0.0,0.0,4,4,W23178,,Pass,Pass,20282,1,2,FINAL INSPECTION ,0,False,2024-01-19 15:38:57.227000,True,BLUDWIG,,,,,,,,,BAE SYSTEMS,,,,,
20288,10019A,Microphone 218-950-008-603 GW9389,,218-950-008-603,Microphone  Sub-Assy  GW9389,JODOI,Active,,Final,,,Inspection,Roanwell,,,GENTEX,Fixed,15,,,,,Any,,,,,,"updated amount from 1000 to 1600, production provided a new WO signed for the full amount 
BLUDWIG 01/25/2024 9:08 AM
Completed inspecting 750 pcs on 1/26/2024. 
Changed the due date to the 2/2/24. Not all the1600 are due on the 1/26.  JO   ",2024-02-02 00:00:00,2024-01-22 00:00:00,,QA2,,,,,,,0.0,0.0,1600,15,M23570,,Pass,Pass,20288,1,A,FINAL INSPECTION,0,False,2024-01-22 09:29:01.723000,False,,,,,,,,,,Gentex,,,,,
20301,PC800020,406 PCB GENERIC,,EBPC800020,406 PCB GENERIC,VGUALLPA,Complete,,Incoming,,CIRCUIT BOARDS,Quality,EBC,,,,Every Item,,,,,,,,,,,,"SUPPLIER: CARLTON INDUSTRIES CORP.
NO SIGNS OF SUSPECT COUNTERFEIT PARTS WAS OBSERVED.",2024-01-22 00:00:00,2024-01-22 00:00:00,2024-01-22 00:00:00,VGUALLPA,8510,1,,,,,0.0,0.0,400,25,8510_24542-1,,Pass,Pass,20301,1,G,,0,False,2024-01-22 17:32:02.803000,True,VGUALLPA,,,,,,,,,,,,,,
20304,10197,215-030-003-603 MIC. M-101 WATERPROOF ,,215-030-003-603,MIC. M-101 WATERPROOF 5 OHM,BLUDWIG,Complete,,Incoming,,,Inspection,Roanwell,QA2,SILLACOM,,MIL-STD-1916,1,,,,,,,,,,,,2024-01-23 00:00:00,2024-01-23 00:00:00,2024-01-23 00:00:00,BLUDWIG,008913,2,,,,,0.0,0.0,740,20,8913,,Pass,Pass,20304,1,,INCOMING,0,False,2024-01-23 10:18:14.670000,True,BLUDWIG,1,,,,,,,,,SILLACOM  LLC,,II,Attribute,Normal
20305,10031,551-210-002-000 SBM RIGHT ANGLE,,551-210-002-000,SMB right angled- ,BLUDWIG,Complete,,Incoming,,,Inspection,Roanwell,QA2,TTI,,MIL-STD-1916,1,,,,,,,,,,,,2024-01-23 00:00:00,2024-01-23 00:00:00,2024-01-23 00:00:00,BLUDWIG,009048,1,,,,,0.0,0.0,1800,32,9048,,Pass,Pass,20305,1,,INCOMING,0,False,2024-01-23 10:26:06.343000,True,BLUDWIG,,,,,,,,,,"TTI, Inc.",,II,Attribute,Normal
20308,10182,"539-933-047-678 FILLER, FOAM",,539-933-047-678,"FILLER, FOAM",BLUDWIG,Complete,,Incoming,,,Inspection,Roanwell,QA2,INTERFOAMFAB,,MIL-STD-1916,1,,,,,,,,,,,,2024-01-23 00:00:00,2024-01-23 00:00:00,2024-01-23 00:00:00,BLUDWIG,008914,4,,,,,0.0,0.0,1500,24,8914,,Pass,Pass,20308,1,,INCOMING,0,False,2024-01-23 11:15:56.920000,True,BLUDWIG,,,,,,,,,,INTERFOAM FABRICATOR,,II,Attribute,Normal
20309,10199,218-121-004-100 GUARD .945 DIA ALUM.,,218-121-004-100,GUARD .945 DIA ALUM.,BLUDWIG,Complete,,Incoming,,,Inspection,Roanwell,QA2,,,MIL-STD-1916,1,,,,,,,,,,,,2024-01-23 00:00:00,2024-01-23 00:00:00,2024-01-23 00:00:00,BLUDWIG,,,,,,,0.0,0.0,1965,32,M23649,,Pass,Pass,20309,1,2,IN PROCESS,0,False,2024-01-23 11:25:30.657000,True,BLUDWIG,,,,,,,,,,,,II,Attribute,Normal
20311,10183,"539-933-048-678 FILLER, FOAM",,539-933-048-678,"FILLER, FOAM",BLUDWIG,Complete,,Incoming,,,Inspection,Roanwell,QA2,INTERFOAMFAB,,MIL-STD-1916,1,,,,,,,,,,,,2024-01-23 00:00:00,2024-01-23 00:00:00,2024-01-23 00:00:00,BLUDWIG,008914,5,,,,,0.0,0.0,1500,24,8914,,Pass,Pass,20311,1,,INCOMING,0,False,2024-01-23 12:12:05.087000,True,BLUDWIG,,,,,,,,,,INTERFOAM FABRICATOR,,II,Attribute,Normal
20321,LY000010,LANYARD,,EBLY000010,ELT & ANTENNA LANYARD,VGUALLPA,Complete,,Incoming,,,Quality,EBC,,,,Every Item,,,,,,,,,,,,"SUPPLIER: UNIVERSAL MERCANTILE EXCHANGE.
VENDOR INVOICE #: 490284 WAS ASSIGNED AS LOT AND PO NUMBER.",2024-01-26 00:00:00,2024-01-26 00:00:00,2024-01-26 00:00:00,VGUALLPA,490284,,,,,,0.0,0.0,500,10,490284,,Pass,Pass,20321,1,0,,0,False,2024-01-26 10:19:10.433000,True,VGUALLPA,,,,,,,,,,,,,,
20293,BZ100030,MALLORY SONALERT BUZZER,,EBBZ100030,MALLORY BUZZER,VGUALLPA,Complete,,Incoming,,,Quality,EBC,,MOUSER ELE,,ANSI Z1.4,1,,,,,,I,Normal,Single,1.0,,,,2024-01-22 00:00:00,2024-01-22 00:00:00,VGUALLPA,8699,2,,,,,0.0,0.0,250,13,8699_2318-3,,Pass,Pass,20293,1,0,,0,False,2024-01-22 10:34:31.097000,True,VGUALLPA,,,,,,,,,,MOUSER ELECTRONICS,,,,
20329,10211,"MIC,BOOM,CORD & PLUG ASSY",,216-080-007-604,"MIC,BOOM,CORD & PLUG ASSY",JODOI,Complete,,Final,,MIC BOOMS ASSEMBLY,Inspection,Roanwell,QA,,ELMECINC,Fixed,15,,,,,First,,,,,,"Customer not on list yet. Need to have database updated to include them.
  ADDED CUSTOMER
BLUDWIG 01/29/2024 9:35 AM
",2024-01-31 00:00:00,2024-01-27 00:00:00,2024-01-29 00:00:00,QA2,1470,1 & 2,R23223,1 & 2,,,0.0,0.0,4,4,W23223,,Pass,Pass,20329,1,7,FINAL INSPECTION ,0,False,2024-01-27 16:39:22.747000,True,BLUDWIG,,,,,,,,,ELMEC INC ,,,,,
20298,SW000161,SELECT CONTROL 2079-1-000,,EBSW000161,SELECT CONTROL 2079-1-000 10G,VGUALLPA,Complete,,Incoming,,SWITCHES,Quality,EBC,,SELECT CON,,Every Item,,,,,,,,,,,,,,2024-01-22 00:00:00,2024-01-22 00:00:00,VGUALLPA,8929,1,,,,,0.0,0.0,10,10,8929_2309,,Pass,Pass,20298,1,0,,0,False,2024-01-22 13:29:31.413000,True,VGUALLPA,,,,,,,,,,SELECT CONTROLS INC.,,,,
20302,10032,902-503-008-105 SCREW #2-56 X 3/16,,902-503-008-105,"SCREW #2-56 x 3/16"", FILL. SS",BLUDWIG,Complete,,Incoming,,,Inspection,Roanwell,QA2,EMPIREFASTEN,,MIL-STD-1916,1,,,,,,,,,,,,2024-01-23 00:00:00,2024-01-23 00:00:00,2024-01-23 00:00:00,BLUDWIG,009066,1,,,,,0.0,0.0,3000,32,9066,,Pass,Pass,20302,1,,INCOMING,0,False,2024-01-23 08:11:23.860000,True,BLUDWIG,,,,,,,,,,EMPIRE FASTENERS INC.,,II,Attribute,Normal
20315,PC460010,406 PCB LED SWITCH,,EBPC460010,PC BOARD 406 LED SWITCH ASSY,VGUALLPA,Complete,,Incoming,,CIRCUIT BOARDS,Quality,EBC,,GALAXY ELE,,Every Item,,,,,,,,,,,,,2024-01-23 00:00:00,2024-01-23 00:00:00,2024-01-23 00:00:00,VGUALLPA,8736,1,,,,,0.0,0.0,500,15,8736_6192ECC-3,,Pass,Pass,20315,1,0,,0,False,2024-01-23 17:59:24.470000,True,VGUALLPA,,,,,,,,,,Galaxy Electronics,,,,
20326,10209,604-469-001-603 CORD E. ASY CX-4707C/AIC,,604-469-001-603,CORD ELECTRICAL ASSEMBLY (CX-4707C/AIC,JODOI,Active,,Final,,,Quality,Roanwell,,,DLA,Fixed,15,,,,,First,,,,,,All 500 units were inspected. Sample of 15 were recorded. ,,2024-01-27 00:00:00,,QA2,,,R23186,,,,0.0,0.0,500,15,W23186,,Pass,Pass,20326,1,(11),,0,False,2024-01-27 14:44:11.790000,False,,,,,,,,,,DLA LAND & MARITIME,,,,,
20318,10125,751-442-004-603 M-125 STRAIN RELIEF,,751-442-004-603,M-125 STRAIN RELIEF,BLUDWIG,Complete,,In Process,,,Inspection,Roanwell,QA2,,,MIL-STD-1916,1,,,,,,,,,,,,2024-01-25 00:00:00,2024-01-25 00:00:00,2024-01-25 00:00:00,QA2,,,,,,,0.0,0.0,210,12,M23322,,Pass,Pass,20318,1,0,IN PROCESS,0,False,2024-01-25 09:08:48.973000,True,BLUDWIG,,,,,,,,,,,,II,Attribute,Normal
20328,10211,"MIC,BOOM,CORD & PLUG ASSY",,216-080-007-604,"MIC,BOOM,CORD & PLUG ASSY",JODOI,Complete,,Final,,MIC BOOMS ASSEMBLY,Quality,Roanwell,QA,,ROCCOL,Fixed,15,,,,,First,,,,,,,2024-01-12 00:00:00,2024-01-27 00:00:00,2024-01-29 00:00:00,QA2,4508666573,,R23203,,,,0.0,0.0,2,2,W23203,,Pass,Pass,20328,1,7,FINAL INSPECTION ,0,False,2024-01-27 16:27:56.230000,True,BLUDWIG,,,,,,,,,ROCKWELL COLLINS,,,,,
